source,condition,k,selected,satisfied,uncertain,violated,other_or_missing,violation_all,violation_all_ci95_low,violation_all_ci95_high,violation_decidable,violation_decidable_ci95_low,violation_decidable_ci95_high,uncertainty_rate,uncertainty_rate_ci95_low,uncertainty_rate_ci95_high,decidable_coverage,decidable_coverage_ci95_low,decidable_coverage_ci95_high,pessimistic_violation,pessimistic_violation_ci95_low,pessimistic_violation_ci95_high,status_coverage,status_coverage_ci95_low,status_coverage_ci95_high
vlsat_closed_set,semantic_only,5,2740,2347,385,8,0,0.00291970802919708,0.00072992700729927,0.0051186131386861235,0.003397027600849257,0.0008601781188105099,0.006082042191876746,0.14051094890510948,0.12554744525547445,0.1558485401459854,0.8594890510948905,0.8441514598540146,0.8744525547445255,0.14343065693430657,0.12883211678832115,0.15875912408759124,1.0,1.0,1.0
vlsat_closed_set,semantic_only,10,5480,4649,786,45,0,0.008211678832116789,0.00510492700729927,0.011861313868613138,0.009586706433745207,0.005895232177505829,0.013802933259958697,0.14343065693430657,0.1322992700729927,0.15565693430656935,0.8565693430656934,0.8443430656934306,0.8677007299270073,0.15164233576642336,0.1395939781021898,0.16405565693430657,1.0,1.0,1.0
vlsat_closed_set,semantic_only,20,10960,8736,2068,156,0,0.014233576642335766,0.01167655109489051,0.017244525547445256,0.017543859649122806,0.01434149581901958,0.021184176189885568,0.18868613138686133,0.17828467153284672,0.19872262773722627,0.8113138686131387,0.8012773722627737,0.8217153284671533,0.2029197080291971,0.1927874087591241,0.21296076642335765,1.0,1.0,1.0
vlsat_closed_set,semantic_only,50,27400,19159,7508,733,0,0.026751824817518248,0.024123175182481752,0.029744525547445257,0.036848984516388496,0.03322921612025709,0.040952253450021944,0.274014598540146,0.26510583941605836,0.2824826642335766,0.725985401459854,0.7175173357664234,0.7348941605839416,0.30076642335766424,0.2916751824817518,0.3094899635036496,1.0,1.0,1.0
vlsat_closed_set,semantic_only,100,54800,33206,18983,2611,0,0.04764598540145985,0.04454333941605839,0.0510228102189781,0.07289834436161599,0.06829448885843661,0.07818795420274684,0.3464051094890511,0.33912408759124085,0.35330474452554744,0.6535948905109489,0.6466952554744526,0.6608759124087591,0.39405109489051093,0.3865501824817518,0.40169753649635037,1.0,1.0,1.0
vlsat_closed_set,family_conditional_risk,5,2740,2395,342,3,0,0.0010948905109489052,0.0,0.0025547445255474453,0.0012510425354462051,0.0,0.0029022462407761935,0.12481751824817518,0.11167883211678832,0.1390602189781022,0.8751824817518248,0.8609397810218978,0.8883211678832117,0.1259124087591241,0.11277372262773723,0.14052007299270072,1.0,1.0,1.0
vlsat_closed_set,family_conditional_risk,10,5480,4723,729,28,0,0.0051094890510948905,0.0031021897810218978,0.007664233576642336,0.00589349610608293,0.003559408125582926,0.008779447880662178,0.13302919708029198,0.12244525547445255,0.14452554744525548,0.8669708029197081,0.8554744525547445,0.8775547445255475,0.13813868613138686,0.12718978102189782,0.14945711678832116,1.0,1.0,1.0
vlsat_closed_set,family_conditional_risk,20,10960,8918,1923,119,0,0.010857664233576642,0.008759124087591242,0.013232208029197078,0.013168086754453912,0.010702341137123745,0.01612225909703034,0.17545620437956205,0.1656021897810219,0.18531021897810218,0.824543795620438,0.8146897810218978,0.8343978102189781,0.18631386861313867,0.17627509124087593,0.19598540145985402,1.0,1.0,1.0
vlsat_closed_set,family_conditional_risk,50,27400,19964,6871,565,0,0.020620437956204378,0.018394160583941607,0.022956204379562042,0.027522041989380876,0.02463123140039488,0.030684323792213006,0.25076642335766425,0.24218795620437955,0.2593813868613139,0.7492335766423358,0.7406186131386862,0.7578120437956204,0.27138686131386863,0.26266240875912406,0.2801833941605839,1.0,1.0,1.0
vlsat_closed_set,family_conditional_risk,100,54800,35837,17138,1825,0,0.0333029197080292,0.031076186131386862,0.03582162408759124,0.04845733099676066,0.04520100871216251,0.05226541243110254,0.31273722627737227,0.3060396897810219,0.31998175182481753,0.6872627737226278,0.6800182481751825,0.6939603102189782,0.34604014598540145,0.33912089416058394,0.35359534671532844,1.0,1.0,1.0
vlsat_closed_set,pooled_calibration,5,2740,2370,366,4,0,0.00145985401459854,0.000364963503649635,0.00291970802919708,0.0016849199663016006,0.0004164887930056898,0.0034116231092918958,0.1335766423357664,0.11934306569343066,0.14927007299270073,0.8664233576642336,0.8507299270072993,0.8806569343065693,0.13503649635036497,0.12079379562043796,0.1510948905109489,1.0,1.0,1.0
vlsat_closed_set,pooled_calibration,10,5480,4687,754,39,0,0.007116788321167883,0.004562043795620438,0.010223540145985397,0.008252221752010156,0.005256407651370052,0.011974821365672019,0.1375912408759124,0.1264552919708029,0.14945255474452554,0.8624087591240875,0.8505474452554744,0.873544708029197,0.14470802919708028,0.13338959854014598,0.15675638686131388,1.0,1.0,1.0
vlsat_closed_set,pooled_calibration,20,10960,8873,1956,131,0,0.011952554744525548,0.009671532846715328,0.014598540145985401,0.014549089293647267,0.011812576232499124,0.017756273043628493,0.17846715328467153,0.16815693430656933,0.1884146897810219,0.8215328467153284,0.8115853102189781,0.8318430656934307,0.19041970802919708,0.17973996350364962,0.20036496350364963,1.0,1.0,1.0
vlsat_closed_set,pooled_calibration,50,27400,19774,6998,628,0,0.02291970802919708,0.020620437956204378,0.0254014598540146,0.030781295951377317,0.027775907505024674,0.03411809972607828,0.2554014598540146,0.24689416058394162,0.26361587591240876,0.7445985401459854,0.7363841240875912,0.7531058394160585,0.2783211678832117,0.26955930656934307,0.28686222627737223,1.0,1.0,1.0
vlsat_closed_set,pooled_calibration,100,54800,35107,17477,2216,0,0.04043795620437956,0.037572992700729925,0.043412864963503654,0.059373576614955924,0.05530828510521753,0.06374766409387803,0.3189233576642336,0.3118430656934307,0.3258225364963504,0.6810766423357664,0.6741774635036496,0.6881569343065693,0.35936131386861314,0.35240830291970804,0.36666286496350364,1.0,1.0,1.0
vlsat_closed_set,geometry_only_family,5,2740,2300,422,18,0,0.006569343065693431,0.0029105839416058397,0.010958029197080284,0.007765314926660914,0.0033633977221912458,0.01303873070791842,0.15401459854014599,0.1332116788321168,0.17555656934306568,0.845985401459854,0.8244434306569343,0.8667883211678832,0.16058394160583941,0.13904197080291972,0.18211678832116787,1.0,1.0,1.0
vlsat_closed_set,geometry_only_family,10,5480,4660,778,42,0,0.007664233576642336,0.004927007299270073,0.010948905109489052,0.00893236920459379,0.005710418738853066,0.01284842869189317,0.14197080291970804,0.127367700729927,0.15766879562043795,0.858029197080292,0.842331204379562,0.872632299270073,0.14963503649635038,0.13412408759124086,0.16570255474452555,1.0,1.0,1.0
vlsat_closed_set,geometry_only_family,20,10960,9413,1461,86,0,0.007846715328467153,0.00583941605839416,0.010310218978102189,0.009053584587851353,0.0067520770246137125,0.011883885520860255,0.1333029197080292,0.12235173357664234,0.14425638686131387,0.8666970802919708,0.8557436131386862,0.8776482664233577,0.14114963503649636,0.12974224452554745,0.15282846715328466,1.0,1.0,1.0
vlsat_closed_set,geometry_only_family,50,27400,23102,3816,482,0,0.01759124087591241,0.015255474452554745,0.019963503649635037,0.020437584803256446,0.017692731442788264,0.02322271243345799,0.13927007299270072,0.13226003649635037,0.14675638686131387,0.8607299270072992,0.8532436131386861,0.8677399635036497,0.15686131386861313,0.14930565693430656,0.16532846715328467,1.0,1.0,1.0
vlsat_closed_set,geometry_only_family,100,54800,44178,9397,1225,0,0.022354014598540146,0.020054744525547445,0.024708029197080292,0.026980595995859304,0.024168028576969126,0.029843730310527096,0.17147810218978102,0.16475501824817518,0.1789073905109489,0.828521897810219,0.821092609489051,0.8352449817518248,0.19383211678832116,0.1858389598540146,0.20222947080291973,1.0,1.0,1.0
vlsat_closed_set,rank_average_fusion,5,2740,2465,255,20,0,0.0072992700729927005,0.0036496350364963502,0.012043795620437956,0.008048289738430584,0.00403518785099706,0.013075654630064304,0.09306569343065693,0.0791970802919708,0.1072992700729927,0.906934306569343,0.8927007299270073,0.9208029197080292,0.10036496350364964,0.08576642335766424,0.11570255474452555,1.0,1.0,1.0
vlsat_closed_set,rank_average_fusion,10,5480,4811,609,60,0,0.010948905109489052,0.0072992700729927005,0.014963503649635036,0.012317799219872716,0.008300660738136399,0.016839688036497037,0.11113138686131387,0.10036496350364964,0.12226277372262774,0.8888686131386861,0.8777372262773723,0.8996350364963503,0.12208029197080292,0.1109352189781022,0.13412408759124086,1.0,1.0,1.0
vlsat_closed_set,rank_average_fusion,20,10960,9340,1436,184,0,0.016788321167883213,0.013777372262773722,0.01989279197080292,0.019319613607727847,0.015822856019476684,0.02292320365292906,0.13102189781021897,0.12253193430656935,0.13996578467153284,0.868978102189781,0.8600342153284671,0.8774680656934306,0.1478102189781022,0.13832116788321167,0.1573905109489051,1.0,1.0,1.0
vlsat_closed_set,rank_average_fusion,50,27400,21848,5008,544,0,0.019854014598540148,0.017518248175182483,0.022116788321167882,0.024294390853876385,0.021492752470417372,0.027029558881803417,0.18277372262773722,0.1753640510948905,0.19094890510948906,0.8172262773722627,0.809051094890511,0.8246359489051095,0.20262773722627736,0.19467153284671532,0.21124178832116788,1.0,1.0,1.0
vlsat_closed_set,rank_average_fusion,100,54800,39221,14161,1418,0,0.025875912408759125,0.023740875912408758,0.028083941605839415,0.034892590860995595,0.031964212134139934,0.037936965772753566,0.2584124087591241,0.2515871350364964,0.2654233576642336,0.7415875912408759,0.7345766423357664,0.7484128649635037,0.2842883211678832,0.2769703467153285,0.29182527372262773,1.0,1.0,1.0
vlsat_closed_set,reciprocal_rank_fusion,5,2740,2446,274,20,0,0.0072992700729927005,0.0040145985401459855,0.011313868613138687,0.008110300081103,0.004424291450625706,0.012531459019646104,0.1,0.08576642335766424,0.1145985401459854,0.9,0.8854014598540146,0.9142335766423357,0.1072992700729927,0.0927007299270073,0.12226277372262774,1.0,1.0,1.0
vlsat_closed_set,reciprocal_rank_fusion,10,5480,4799,629,52,0,0.00948905109489051,0.006386861313868613,0.012956204379562044,0.010719439290867862,0.007225098532699516,0.01457592368865149,0.11478102189781023,0.10401003649635036,0.1259124087591241,0.8852189781021897,0.8740875912408759,0.8959899635036497,0.12427007299270074,0.11349908759124087,0.13686587591240876,1.0,1.0,1.0
vlsat_closed_set,reciprocal_rank_fusion,20,10960,9386,1438,136,0,0.012408759124087591,0.010034215328467154,0.015237226277372264,0.014282713715605966,0.011427235852748251,0.017505976295568427,0.13120437956204378,0.12262545620437956,0.1406934306569343,0.8687956204379562,0.8593065693430657,0.8773745437956204,0.14361313868613138,0.13457801094890512,0.15356067518248176,1.0,1.0,1.0
vlsat_closed_set,reciprocal_rank_fusion,50,27400,22177,4777,446,0,0.01627737226277372,0.014233576642335766,0.018322992700729925,0.019714449896123414,0.017261544341309394,0.02220592690629075,0.17434306569343067,0.16780930656934306,0.1813567518248175,0.8256569343065694,0.8186432481751825,0.8321906934306569,0.19062043795620437,0.18375547445255475,0.19799543795620436,1.0,1.0,1.0
vlsat_closed_set,reciprocal_rank_fusion,100,54800,40618,12807,1375,0,0.02509124087591241,0.02293795620437956,0.027354014598540147,0.03274355249684471,0.029922530365386092,0.03583355392993962,0.2337043795620438,0.22786496350364963,0.23998220802919706,0.7662956204379562,0.7600177919708029,0.7721350364963504,0.25879562043795623,0.2522992700729927,0.26594981751824814,1.0,1.0,1.0
open3dsg_ov_recovery,semantic_only,5,2740,560,774,1406,0,0.5131386861313869,0.48905109489051096,0.5364963503649635,0.7151576805696847,0.6898093988565352,0.7410094813264342,0.2824817518248175,0.26130474452554747,0.3025547445255474,0.7175182481751825,0.6974452554744526,0.7386952554744526,0.7956204379562044,0.775912408759124,0.814963503649635,1.0,1.0,1.0
open3dsg_ov_recovery,semantic_only,10,5480,2038,1658,1784,0,0.32554744525547447,0.31039689781021895,0.34233576642335767,0.4667713239141811,0.4477686380503378,0.4884662141799972,0.3025547445255474,0.28558394160583944,0.31952554744525546,0.6974452554744526,0.6804744525547445,0.7144160583941606,0.628102189781022,0.6125821167883212,0.6450729927007299,1.0,1.0,1.0
open3dsg_ov_recovery,semantic_only,20,10944,5284,3375,2285,0,0.20879020467836257,0.19956048107650254,0.21888744032966856,0.30188928524243624,0.2887910277902656,0.31549851410137675,0.30838815789473684,0.2951812454346238,0.3220174574504266,0.6916118421052632,0.6779825425495735,0.7048187545653762,0.5171783625730995,0.5041038522886364,0.5305201730375207,1.0,1.0,1.0
open3dsg_ov_recovery,semantic_only,50,27142,12820,10559,3763,0,0.1386412202490605,0.133400415291624,0.14468804568468493,0.22691913405294578,0.21736976022591925,0.23681290117471268,0.38902807457077593,0.37881239393738214,0.3990604405855174,0.6109719254292241,0.6009395594144826,0.6211876060626178,0.5276692948198364,0.5169058484366765,0.5387488006221913,1.0,1.0,1.0
open3dsg_ov_recovery,semantic_only,100,53036,24365,22084,6587,0,0.12419865751564975,0.11985085201998516,0.12848270156308816,0.2128133884724735,0.20608962729172037,0.22002368395047853,0.4163964099856701,0.40741295451826576,0.42533611907953617,0.5836035900143299,0.5746638809204638,0.5925870454817344,0.5405950675013198,0.5319589551698539,0.5493403313087549,1.0,1.0,1.0
open3dsg_ov_recovery,family_conditional_risk,5,2740,2073,552,115,0,0.041970802919708027,0.032837591240875916,0.051824817518248176,0.052559414990859234,0.041055126666733055,0.06511985987727813,0.20145985401459854,0.18174270072992701,0.22153284671532847,0.7985401459854015,0.7784671532846715,0.818257299270073,0.24343065693430657,0.22116788321167882,0.2675182481751825,1.0,1.0,1.0
open3dsg_ov_recovery,family_conditional_risk,10,5480,4181,1035,264,0,0.04817518248175182,0.040145985401459854,0.05620437956204379,0.059392575928009,0.04930803024303788,0.06939354306420839,0.18886861313868614,0.17425638686131387,0.20383211678832117,0.8111313868613139,0.7961678832116789,0.8257436131386862,0.23704379562043795,0.21806569343065693,0.25583941605839416,1.0,1.0,1.0
open3dsg_ov_recovery,family_conditional_risk,20,10944,8285,2176,483,0,0.04413377192982456,0.03849372024153287,0.049526666570342395,0.055086678832116785,0.04796860975668445,0.06210777632516953,0.19883040935672514,0.18777411280253553,0.2096167883211679,0.8011695906432749,0.7903832116788321,0.8122258871974645,0.2429641812865497,0.22959141654465592,0.25539366746192405,1.0,1.0,1.0
open3dsg_ov_recovery,family_conditional_risk,50,27142,20777,5588,777,0,0.028627219806941273,0.02560590820652182,0.031531225124330514,0.0360489932263153,0.032134220340223243,0.039667366088083605,0.20588018569007444,0.1972296346001891,0.2141027751783809,0.7941198143099256,0.7858972248216191,0.8027703653998108,0.2345074054970157,0.22549647680801793,0.24275508600158907,1.0,1.0,1.0
open3dsg_ov_recovery,family_conditional_risk,100,53036,37764,13465,1807,0,0.03407119692284486,0.03090844363585258,0.03733405775883785,0.045664754491925905,0.04124378617725076,0.05016784407455253,0.2538841541594389,0.24593533906203605,0.2622710018293526,0.7461158458405611,0.7377289981706474,0.754064660937964,0.2879553510822837,0.2784876770352359,0.2973276298223333,1.0,1.0,1.0
open3dsg_ov_recovery,pooled_calibration,5,2740,1815,753,172,0,0.06277372262773723,0.051824817518248176,0.07446167883211678,0.08656265727226975,0.07138411996902562,0.10396376784463775,0.2748175182481752,0.2507299270072993,0.29781021897810217,0.7251824817518249,0.7021897810218978,0.7492700729927008,0.3375912408759124,0.310948905109489,0.364242700729927,1.0,1.0,1.0
open3dsg_ov_recovery,pooled_calibration,10,5480,3638,1459,383,0,0.06989051094890511,0.06076186131386861,0.0786587591240876,0.09524993782641133,0.08256399803963779,0.10848592209187301,0.26624087591240875,0.24853102189781023,0.2821213503649635,0.7337591240875913,0.7178786496350364,0.7514689781021898,0.3361313868613139,0.3164233576642336,0.355661496350365,1.0,1.0,1.0
open3dsg_ov_recovery,pooled_calibration,20,10944,7301,2927,716,0,0.06542397660818713,0.059571340962215204,0.07169245774951699,0.08931021579144319,0.08085887178001043,0.09785332425850908,0.26745248538011696,0.2541980136906515,0.28104510659421045,0.732547514619883,0.7189548934057896,0.7458019863093486,0.3328764619883041,0.3187023219735775,0.3465917397660819,1.0,1.0,1.0
open3dsg_ov_recovery,pooled_calibration,50,27142,18197,7299,1646,0,0.06064402033748434,0.056487449178234,0.06444231616428918,0.0829511666582674,0.07775444554600715,0.08807883481254536,0.2689190184953209,0.2596717480345697,0.2779432205494486,0.7310809815046792,0.7220567794505515,0.7403282519654303,0.32956303883280524,0.320041710082082,0.33887543402907866,1.0,1.0,1.0
open3dsg_ov_recovery,pooled_calibration,100,53036,33285,15448,4303,0,0.08113356965080323,0.07715475622784729,0.08529309841999438,0.11447802490156433,0.10922013911318763,0.11988587418838781,0.29127385172335774,0.2835659809296544,0.2988913266395448,0.7087261482766423,0.7011086733604551,0.7164340190703455,0.37240742137416094,0.3650017201165224,0.3800565921669552,1.0,1.0,1.0
open3dsg_ov_recovery,geometry_only_family,5,2740,2340,388,12,0,0.004379562043795621,0.00145985401459854,0.008029197080291971,0.00510204081632653,0.0017042489733385309,0.009425979326462722,0.1416058394160584,0.1233485401459854,0.1620529197080292,0.8583941605839416,0.8379470802919708,0.8766514598540146,0.145985401459854,0.12772810218978103,0.16679744525547446,1.0,1.0,1.0
open3dsg_ov_recovery,geometry_only_family,10,5480,4685,748,47,0,0.008576642335766424,0.0056569343065693434,0.011861313868613138,0.009932375316990701,0.006568495288785338,0.0137947867681761,0.1364963503649635,0.12371806569343066,0.15091697080291971,0.8635036496350365,0.8490830291970803,0.8762819343065693,0.14507299270072993,0.13193430656934307,0.16076642335766422,1.0,1.0,1.0
open3dsg_ov_recovery,geometry_only_family,20,10944,9331,1471,142,0,0.012975146198830409,0.009854014598540146,0.015899413573711163,0.014989971497941517,0.011351388703361496,0.0184075980467876,0.13441154970760233,0.12454344568277723,0.14667154352596928,0.8655884502923976,0.8533284564740308,0.8754565543172228,0.14738669590643275,0.13603786496350365,0.16003677354629106,1.0,1.0,1.0
open3dsg_ov_recovery,geometry_only_family,50,27142,22264,4264,614,0,0.022621767003168522,0.01983498272000576,0.02565742170929828,0.026838010315587028,0.023482995360032125,0.03047393118933602,0.15709969788519637,0.1489922207109208,0.16533897693658162,0.8429003021148036,0.8346610230634184,0.8510077792890792,0.1797214648883649,0.1709027202141504,0.18874685949040335,1.0,1.0,1.0
open3dsg_ov_recovery,geometry_only_family,100,53036,39850,11419,1767,0,0.03331699223169168,0.030090101262401903,0.03656346032349149,0.042458610663911385,0.03810614650182228,0.046858956812747356,0.21530658420695375,0.20595932197845337,0.22530687150331458,0.7846934157930462,0.7746931284966854,0.7940406780215467,0.24862357643864544,0.237450366392918,0.2597740499012217,1.0,1.0,1.0
open3dsg_ov_recovery,rank_average_fusion,5,2740,2208,431,101,0,0.03686131386861314,0.027737226277372264,0.04635036496350365,0.04374187960155912,0.0329779602671537,0.055028299376356116,0.15729927007299271,0.13905109489051096,0.17446167883211677,0.8427007299270073,0.8255383211678832,0.8609489051094891,0.19416058394160585,0.17408759124087592,0.21424270072992702,1.0,1.0,1.0
open3dsg_ov_recovery,rank_average_fusion,10,5480,4235,992,253,0,0.046167883211678834,0.03849908759124088,0.05364963503649635,0.056372549019607844,0.04652157937443544,0.06510865502249133,0.181021897810219,0.16750456204379563,0.19398266423357663,0.8189781021897811,0.8060173357664233,0.8324954379562044,0.2271897810218978,0.21021897810218979,0.24324817518248176,1.0,1.0,1.0
open3dsg_ov_recovery,rank_average_fusion,20,10944,8401,2061,482,0,0.044042397660818716,0.03853089834580424,0.04916115611594873,0.05426094787796915,0.0471346286729001,0.06058035499730306,0.18832236842105263,0.17702942534934507,0.19859386413440466,0.8116776315789473,0.8014061358655953,0.8229705746506548,0.23236476608187134,0.2199767635148089,0.24370860621052012,1.0,1.0,1.0
open3dsg_ov_recovery,rank_average_fusion,50,27142,20190,5846,1106,0,0.04074865522069118,0.037232905784160525,0.044062465111966195,0.05193463561232156,0.0474025796663792,0.05622978982100944,0.21538574902365337,0.2065725661182375,0.22414391694744862,0.7846142509763466,0.7758560830525514,0.7934274338817625,0.2561344042443446,0.24652620131530506,0.2653029943206894,1.0,1.0,1.0
open3dsg_ov_recovery,rank_average_fusion,100,53036,35181,15032,2823,0,0.05322799607813561,0.05012206701124734,0.0565198894072764,0.07428165456267762,0.06952743534748693,0.07892140943447513,0.2834301229353647,0.2756224975655167,0.2919358808247678,0.7165698770646354,0.7080641191752323,0.7243775024344833,0.3366581190135003,0.32777382296758645,0.3459236314870281,1.0,1.0,1.0
open3dsg_ov_recovery,reciprocal_rank_fusion,5,2740,2181,467,92,0,0.033576642335766425,0.025182481751824817,0.042335766423357665,0.040475142982842056,0.030143838674045798,0.05112409295664632,0.17043795620437957,0.15364963503649634,0.18686131386861313,0.8295620437956205,0.8131386861313868,0.8463503649635037,0.20401459854014597,0.18502737226277371,0.2237226277372263,1.0,1.0,1.0
open3dsg_ov_recovery,reciprocal_rank_fusion,10,5480,4240,1015,225,0,0.04105839416058394,0.034306569343065696,0.04781478102189781,0.05039193729003359,0.04205140944005439,0.0585595643328645,0.1852189781021898,0.17171076642335767,0.19799726277372262,0.8147810218978102,0.8020027372262774,0.8282892335766423,0.22627737226277372,0.21076186131386862,0.2416058394160584,1.0,1.0,1.0
open3dsg_ov_recovery,reciprocal_rank_fusion,20,10944,7980,2266,698,0,0.06377923976608187,0.057663879567387326,0.06998229953724978,0.08043327955750172,0.0726722046047524,0.08798339779991449,0.20705409356725146,0.19658412246261198,0.2169989027066569,0.7929459064327485,0.7830010972933431,0.8034158775373881,0.2708333333333333,0.25869899822602527,0.2827674860572744,1.0,1.0,1.0
open3dsg_ov_recovery,reciprocal_rank_fusion,50,27142,18756,5818,2568,0,0.09461351411097192,0.09026752936319686,0.09878660650580727,0.12042768711311198,0.11497299572385918,0.12590150936300593,0.21435413749907892,0.20695509917788935,0.22203630362593454,0.785645862500921,0.7779636963740655,0.7930449008221107,0.30896765161005085,0.3008452445024201,0.316861270095785,1.0,1.0,1.0
open3dsg_ov_recovery,reciprocal_rank_fusion,100,53036,33895,14959,4182,0,0.07885210046006486,0.0756192557000275,0.08211414392010069,0.1098300811513512,0.10518717933284798,0.11441906982967448,0.2820536993740101,0.27475864467175576,0.28997620000443985,0.7179463006259899,0.7100237999955602,0.7252413553282442,0.36090579983407495,0.3527700589831932,0.36862405603797926,1.0,1.0,1.0
sgfn_official_full_l160,semantic_only,5,2740,1881,794,65,0,0.023722627737226276,0.017874087591240876,0.029927007299270073,0.03340184994861254,0.024806201550387597,0.04214282222194762,0.28978102189781024,0.270793795620438,0.3094890510948905,0.7102189781021898,0.6905109489051094,0.7292062043795621,0.3135036496350365,0.2934306569343066,0.333220802919708,1.0,1.0,1.0
sgfn_official_full_l160,semantic_only,10,5480,3391,1898,191,0,0.034854014598540144,0.029557481751824818,0.04051094890510949,0.05332216638749302,0.04511627897847538,0.06222022544254321,0.34635036496350363,0.3293795620437956,0.36259124087591244,0.6536496350364963,0.6374087591240876,0.6706204379562044,0.3812043795620438,0.36514142335766425,0.39708485401459853,1.0,1.0,1.0
sgfn_official_full_l160,semantic_only,20,10960,6462,4145,353,0,0.03220802919708029,0.028010948905109488,0.036405109489051096,0.05179750550256786,0.0452050953383325,0.058153090457014674,0.3781934306569343,0.3650501824817518,0.3918818430656934,0.6218065693430657,0.6081181569343066,0.6349498175182482,0.4104014598540146,0.397536496350365,0.42427007299270075,1.0,1.0,1.0
sgfn_official_full_l160,semantic_only,50,27400,16330,10016,1054,0,0.03846715328467153,0.035255474452554746,0.04167883211678832,0.06063046479521399,0.05548655632884943,0.06568694388677547,0.36554744525547445,0.35601733576642336,0.37525547445255475,0.6344525547445256,0.6247445255474453,0.6439826642335766,0.404014598540146,0.3943065693430657,0.41397901459854014,1.0,1.0,1.0
sgfn_official_full_l160,semantic_only,100,54800,30895,20454,3451,0,0.06297445255474453,0.05976277372262774,0.06615009124087591,0.10047749374017353,0.09533307265767213,0.10541088060159554,0.37324817518248177,0.36581979927007297,0.3807495437956205,0.6267518248175182,0.6192504562043796,0.634180200729927,0.43622262773722625,0.4288316605839416,0.4437436131386861,1.0,1.0,1.0
sgfn_official_full_l160,family_conditional_risk,5,2740,1886,785,69,0,0.025182481751824817,0.018968978102189782,0.032116788321167884,0.03529411764705882,0.026099973298918607,0.04481650921473156,0.2864963503649635,0.26605839416058397,0.3047536496350365,0.7135036496350365,0.6952463503649635,0.733941605839416,0.3116788321167883,0.29159671532846715,0.33138686131386863,1.0,1.0,1.0
sgfn_official_full_l160,family_conditional_risk,10,5480,3496,1810,174,0,0.031751824817518245,0.02645529197080292,0.037408759124087594,0.04741144414168937,0.039447490131823935,0.05571137219554789,0.3302919708029197,0.3138640510948905,0.3465374087591241,0.6697080291970803,0.6534625912408759,0.6861359489051095,0.362043795620438,0.34579835766423356,0.3792016423357664,1.0,1.0,1.0
sgfn_official_full_l160,family_conditional_risk,20,10960,6880,3781,299,0,0.027281021897810218,0.023720346715328466,0.031386861313868614,0.04164925477085945,0.036035259290191,0.04768031861581972,0.3449817518248175,0.33165830291970805,0.3578467153284672,0.6550182481751825,0.6421532846715329,0.668341697080292,0.3722627737226277,0.35875912408759125,0.3852189781021898,1.0,1.0,1.0
sgfn_official_full_l160,family_conditional_risk,50,27400,17667,9027,706,0,0.025766423357664235,0.023283759124087592,0.02817700729927007,0.03842595112393186,0.03456028263304343,0.04202409780596167,0.32945255474452556,0.3202536496350365,0.3393448905109489,0.6705474452554745,0.6606551094890512,0.6797463503649634,0.3552189781021898,0.34558394160583944,0.3646733576642336,1.0,1.0,1.0
sgfn_official_full_l160,family_conditional_risk,100,54800,34104,18609,2087,0,0.038083941605839416,0.03571167883211679,0.04065830291970803,0.05766627061976735,0.05401053598239284,0.061337652067475025,0.3395802919708029,0.3319498175182482,0.3473357664233577,0.660419708029197,0.6526642335766424,0.6680501824817519,0.37766423357664236,0.36972536496350367,0.3858038321167883,1.0,1.0,1.0
sgfn_official_full_l160,pooled_calibration,5,2740,1886,788,66,0,0.02408759124087591,0.017518248175182483,0.030656934306569343,0.03381147540983607,0.024640528037677453,0.04277239564402515,0.2875912408759124,0.2678740875912409,0.30693430656934306,0.7124087591240876,0.6930656934306569,0.7321259124087591,0.3116788321167883,0.29196167883211677,0.3310310218978102,1.0,1.0,1.0
sgfn_official_full_l160,pooled_calibration,10,5480,3562,1746,172,0,0.031386861313868614,0.026090328467153284,0.037043795620437955,0.046063202999464384,0.03827183069465131,0.05425101214574899,0.3186131386861314,0.30200273722627735,0.33449361313868614,0.6813868613138686,0.6655063868613139,0.6979972627737226,0.35,0.3346669708029197,0.366610401459854,1.0,1.0,1.0
sgfn_official_full_l160,pooled_calibration,20,10960,6922,3737,301,0,0.027463503649635037,0.02362910583941606,0.03156934306569343,0.04167243527620102,0.03595834451284397,0.047586025051095174,0.34096715328467153,0.3277349452554745,0.3537431569343066,0.6590328467153285,0.6462568430656934,0.6722650547445256,0.36843065693430654,0.3551026459854015,0.38156934306569346,1.0,1.0,1.0
sgfn_official_full_l160,pooled_calibration,50,27400,17535,9063,802,0,0.02927007299270073,0.02664233576642336,0.03189963503649635,0.04373670720401374,0.039710913114486206,0.047813948498564345,0.3307664233576642,0.3216405109489051,0.3400757299270073,0.6692335766423357,0.6599242700729927,0.6783594890510949,0.36003649635036494,0.35083850364963504,0.3695647810218978,1.0,1.0,1.0
sgfn_official_full_l160,pooled_calibration,100,54800,33217,18909,2674,0,0.048795620437956204,0.046130930656934306,0.05164324817518248,0.07450335738764592,0.07042128829848855,0.07890991892241261,0.34505474452554746,0.33762636861313866,0.3528298357664234,0.6549452554744526,0.6471701642335767,0.6623736313868613,0.3938503649635037,0.38658531021897813,0.40153284671532846,1.0,1.0,1.0
sgfn_official_full_l160,geometry_only_family,5,2740,2300,422,18,0,0.006569343065693431,0.0032846715328467154,0.010583941605839416,0.007765314926660914,0.0038054566185156524,0.012463472745187314,0.15401459854014599,0.13394160583941606,0.1759124087591241,0.845985401459854,0.8240875912408759,0.8660583941605839,0.16058394160583941,0.14014598540145987,0.18249087591240876,1.0,1.0,1.0
sgfn_official_full_l160,geometry_only_family,10,5480,4660,778,42,0,0.007664233576642336,0.004744525547445255,0.010948905109489052,0.00893236920459379,0.0055247738842630015,0.012871981824386189,0.14197080291970804,0.12791514598540146,0.15711678832116788,0.858029197080292,0.8428832116788321,0.8720848540145986,0.14963503649635038,0.13558394160583942,0.1653375912408759,1.0,1.0,1.0
sgfn_official_full_l160,geometry_only_family,20,10960,9413,1461,86,0,0.007846715328467153,0.0058371350364963505,0.010127737226277373,0.009053584587851353,0.006678388693817408,0.011657766822287145,0.1333029197080292,0.1221669708029197,0.14507299270072993,0.8666970802919708,0.8549270072992701,0.8778330291970803,0.14114963503649636,0.12955976277372264,0.15310218978102189,1.0,1.0,1.0
sgfn_official_full_l160,geometry_only_family,50,27400,23102,3816,482,0,0.01759124087591241,0.015218065693430656,0.019891423357664233,0.020437584803256446,0.017598072629102825,0.023185864462923294,0.13927007299270072,0.13189689781021896,0.1468978102189781,0.8607299270072992,0.8531021897810219,0.868103102189781,0.15686131386861313,0.148646897810219,0.1648184306569343,1.0,1.0,1.0
sgfn_official_full_l160,geometry_only_family,100,54800,44178,9397,1225,0,0.022354014598540146,0.020200729927007298,0.0247632299270073,0.026980595995859304,0.024400364658427723,0.029857691183033993,0.17147810218978102,0.16483576642335768,0.17855930656934307,0.828521897810219,0.821440693430657,0.8351642335766424,0.19383211678832116,0.18627600364963504,0.20193658759124086,1.0,1.0,1.0
sgfn_official_full_l160,rank_average_fusion,5,2740,2160,513,67,0,0.024452554744525547,0.017153284671532848,0.032116788321167884,0.030085316569375842,0.021377278623883774,0.039324874757243666,0.18722627737226277,0.1678832116788321,0.20511861313868612,0.8127737226277372,0.7948813868613138,0.8321167883211679,0.2116788321167883,0.19087591240875912,0.23213503649635037,1.0,1.0,1.0
sgfn_official_full_l160,rank_average_fusion,10,5480,4370,983,127,0,0.023175182481751825,0.018065693430656934,0.028654197080291967,0.028241049588614633,0.022044055373951744,0.03500646050893382,0.17937956204379563,0.16423357664233576,0.193617700729927,0.8206204379562044,0.806382299270073,0.8357664233576643,0.20255474452554745,0.1866742700729927,0.2187956204379562,1.0,1.0,1.0
sgfn_official_full_l160,rank_average_fusion,20,10960,8873,1847,240,0,0.021897810218978103,0.01843065693430657,0.02563868613138686,0.026336003511467136,0.022187715163769897,0.03077774247918417,0.16852189781021898,0.15784443430656933,0.17983576642335766,0.831478102189781,0.8201642335766424,0.8421555656934306,0.19041970802919708,0.17864963503649636,0.20247490875912408,1.0,1.0,1.0
sgfn_official_full_l160,rank_average_fusion,50,27400,21415,5388,597,0,0.02178832116788321,0.019451642335766423,0.024306569343065694,0.027121570052698527,0.02409786974093422,0.030265631651125877,0.19664233576642337,0.1878412408759124,0.2050045620437956,0.8033576642335767,0.7949954379562044,0.8121587591240875,0.21843065693430658,0.20912408759124088,0.2277846715328467,1.0,1.0,1.0
sgfn_official_full_l160,rank_average_fusion,100,54800,38157,15124,1519,0,0.027718978102189783,0.02554653284671533,0.029836222627737226,0.03828510938602682,0.035229445783852086,0.0413529183063624,0.275985401459854,0.2681551094890511,0.28366788321167885,0.7240145985401459,0.7163321167883212,0.7318448905109488,0.30370437956204377,0.2954000912408759,0.31146122262773723,1.0,1.0,1.0
sgfn_official_full_l160,reciprocal_rank_fusion,5,2740,2133,550,57,0,0.020802919708029197,0.014598540145985401,0.027737226277372264,0.026027397260273973,0.018330284159326592,0.03451528145757732,0.20072992700729927,0.18065693430656934,0.2193521897810219,0.7992700729927007,0.7806478102189781,0.8193430656934306,0.22153284671532847,0.19962591240875913,0.24197080291970802,1.0,1.0,1.0
sgfn_official_full_l160,reciprocal_rank_fusion,10,5480,4286,1069,125,0,0.02281021897810219,0.018065693430656934,0.02791970802919708,0.028338245295851282,0.022557274829101318,0.03479389401235249,0.19507299270072992,0.17901459854014598,0.21041058394160583,0.80492700729927,0.7895894160583942,0.820985401459854,0.21788321167883212,0.2014507299270073,0.23413777372262773,1.0,1.0,1.0
sgfn_official_full_l160,reciprocal_rank_fusion,20,10960,8592,2122,246,0,0.022445255474452554,0.018884580291970803,0.026188412408759125,0.027834351663272233,0.02352851048488854,0.03254776512326848,0.1936131386861314,0.18293339416058393,0.20492928832116789,0.8063868613138686,0.7950707116788321,0.817066605839416,0.21605839416058395,0.20465328467153285,0.2281044708029197,1.0,1.0,1.0
sgfn_official_full_l160,reciprocal_rank_fusion,50,27400,20630,6191,579,0,0.02113138686131387,0.018832116788321168,0.023468065693430656,0.02729973124616908,0.02431146054540761,0.030295029379031727,0.22594890510948906,0.2181021897810219,0.23376003649635038,0.7740510948905109,0.7662399635036496,0.7818978102189781,0.24708029197080292,0.23890419708029195,0.25474452554744526,1.0,1.0,1.0
sgfn_official_full_l160,reciprocal_rank_fusion,100,54800,38983,14261,1556,0,0.028394160583941605,0.026185675182481754,0.030658302919708027,0.038382791879424755,0.035364239290276996,0.041482544690985924,0.2602372262773723,0.2537956204379562,0.2671354927007299,0.7397627737226278,0.73286450729927,0.7462043795620438,0.28863138686131384,0.2818243613138686,0.2958581204379562,1.0,1.0,1.0
