source_id,route_family,subroute,predicates,score_id,K,unit_count,gt_units,gt_total,gt_selected,selected_total,violation_denominator,violation_count,Recall@K,Selected@K_mean,Violation@K
open3dsg_recovery_relaxed_views_min2,relative_horizontal,lateral_left_right,"left,right",RH0_source_score,5,548,416,2574,117,2738,2738,1353,0.045454545454545456,4.9963503649635035,0.4941563184806428
open3dsg_recovery_relaxed_views_min2,relative_horizontal,lateral_left_right,"left,right",RH0_source_score,10,548,416,2574,234,5468,5468,2684,0.09090909090909091,9.978102189781023,0.4908558888076079
open3dsg_recovery_relaxed_views_min2,relative_horizontal,lateral_left_right,"left,right",RH0_source_score,20,548,416,2574,427,10824,10824,5354,0.1658896658896659,19.751824817518248,0.49464153732446414
open3dsg_recovery_relaxed_views_min2,relative_horizontal,lateral_left_right,"left,right",RH0_source_score,50,548,416,2574,1024,25582,25582,12841,0.3978243978243978,46.68248175182482,0.5019544992572903
open3dsg_recovery_relaxed_views_min2,relative_horizontal,lateral_left_right,"left,right",RH0_source_score,100,548,416,2574,2097,44280,44280,22046,0.8146853146853147,80.8029197080292,0.49787714543812106
open3dsg_recovery_relaxed_views_min2,relative_horizontal,lateral_left_right,"left,right",RH1_source_x_frame_score,5,548,416,2574,295,2738,2738,5,0.11460761460761461,4.9963503649635035,0.0018261504747991235
open3dsg_recovery_relaxed_views_min2,relative_horizontal,lateral_left_right,"left,right",RH1_source_x_frame_score,10,548,416,2574,608,5468,5468,56,0.23620823620823622,9.978102189781023,0.010241404535479151
open3dsg_recovery_relaxed_views_min2,relative_horizontal,lateral_left_right,"left,right",RH1_source_x_frame_score,20,548,416,2574,1120,10824,10824,307,0.43512043512043513,19.751824817518248,0.02836289726533629
open3dsg_recovery_relaxed_views_min2,relative_horizontal,lateral_left_right,"left,right",RH1_source_x_frame_score,50,548,416,2574,1997,25582,25582,3442,0.7758352758352758,46.68248175182482,0.13454772887186303
open3dsg_recovery_relaxed_views_min2,relative_horizontal,lateral_left_right,"left,right",RH1_source_x_frame_score,100,548,416,2574,2348,44280,44280,17514,0.9121989121989122,80.8029197080292,0.3955284552845528
open3dsg_recovery_relaxed_views_min2,relative_horizontal,lateral_left_right,"left,right",RH3_source_x_axis_swap_control,5,548,416,2574,107,2738,2738,2265,0.04156954156954157,4.9963503649635035,0.827246165084003
open3dsg_recovery_relaxed_views_min2,relative_horizontal,lateral_left_right,"left,right",RH3_source_x_axis_swap_control,10,548,416,2574,219,5468,5468,4428,0.08508158508158509,9.978102189781023,0.8098024871982443
open3dsg_recovery_relaxed_views_min2,relative_horizontal,lateral_left_right,"left,right",RH3_source_x_axis_swap_control,20,548,416,2574,448,10824,10824,8444,0.17404817404817405,19.751824817518248,0.7801182557280119
open3dsg_recovery_relaxed_views_min2,relative_horizontal,lateral_left_right,"left,right",RH3_source_x_axis_swap_control,50,548,416,2574,1016,25582,25582,17399,0.3947163947163947,46.68248175182482,0.6801266515518725
open3dsg_recovery_relaxed_views_min2,relative_horizontal,lateral_left_right,"left,right",RH3_source_x_axis_swap_control,100,548,416,2574,1904,44280,44280,24910,0.7397047397047397,80.8029197080292,0.5625564588979223
open3dsg_recovery_relaxed_views_min2,relative_horizontal,lateral_left_right,"left,right",RH4_source_x_sign_flip_control,5,548,416,2574,58,2738,2738,2734,0.022533022533022532,4.9963503649635035,0.9985390796201608
open3dsg_recovery_relaxed_views_min2,relative_horizontal,lateral_left_right,"left,right",RH4_source_x_sign_flip_control,10,548,416,2574,113,5468,5468,5412,0.043900543900543904,9.978102189781023,0.9897585954645208
open3dsg_recovery_relaxed_views_min2,relative_horizontal,lateral_left_right,"left,right",RH4_source_x_sign_flip_control,20,548,416,2574,239,10824,10824,10516,0.09285159285159285,19.751824817518248,0.9715447154471545
open3dsg_recovery_relaxed_views_min2,relative_horizontal,lateral_left_right,"left,right",RH4_source_x_sign_flip_control,50,548,416,2574,677,25582,25582,22140,0.263014763014763,46.68248175182482,0.8654522711281369
open3dsg_recovery_relaxed_views_min2,relative_horizontal,lateral_left_right,"left,right",RH4_source_x_sign_flip_control,100,548,416,2574,1591,44280,44280,26766,0.6181041181041181,80.8029197080292,0.6044715447154472
open3dsg_recovery_relaxed_views_min2,relative_horizontal,depth_front_behind,"behind,front",RH0_source_score,5,548,316,1508,21,2738,2738,1342,0.013925729442970823,4.9963503649635035,0.49013878743608474
open3dsg_recovery_relaxed_views_min2,relative_horizontal,depth_front_behind,"behind,front",RH0_source_score,10,548,316,1508,88,5468,5468,2656,0.058355437665782495,9.978102189781023,0.4857351865398683
open3dsg_recovery_relaxed_views_min2,relative_horizontal,depth_front_behind,"behind,front",RH0_source_score,20,548,316,1508,266,10824,10824,5265,0.17639257294429708,19.751824817518248,0.4864190687361419
open3dsg_recovery_relaxed_views_min2,relative_horizontal,depth_front_behind,"behind,front",RH0_source_score,50,548,316,1508,670,25582,25582,12636,0.4442970822281167,46.68248175182482,0.49394105230240015
open3dsg_recovery_relaxed_views_min2,relative_horizontal,depth_front_behind,"behind,front",RH0_source_score,100,548,316,1508,1211,44280,44280,22261,0.803050397877984,80.8029197080292,0.50273261065944
open3dsg_recovery_relaxed_views_min2,relative_horizontal,depth_front_behind,"behind,front",RH1_source_x_frame_score,5,548,316,1508,44,2738,2738,4,0.029177718832891247,4.9963503649635035,0.0014609203798392988
open3dsg_recovery_relaxed_views_min2,relative_horizontal,depth_front_behind,"behind,front",RH1_source_x_frame_score,10,548,316,1508,84,5468,5468,58,0.05570291777188329,9.978102189781023,0.010607168983174835
open3dsg_recovery_relaxed_views_min2,relative_horizontal,depth_front_behind,"behind,front",RH1_source_x_frame_score,20,548,316,1508,175,10824,10824,314,0.11604774535809019,19.751824817518248,0.029009608277900962
open3dsg_recovery_relaxed_views_min2,relative_horizontal,depth_front_behind,"behind,front",RH1_source_x_frame_score,50,548,316,1508,413,25582,25582,3448,0.2738726790450928,46.68248175182482,0.13478226878273786
open3dsg_recovery_relaxed_views_min2,relative_horizontal,depth_front_behind,"behind,front",RH1_source_x_frame_score,100,548,316,1508,1004,44280,44280,17514,0.6657824933687002,80.8029197080292,0.3955284552845528
open3dsg_recovery_relaxed_views_min2,relative_horizontal,depth_front_behind,"behind,front",RH3_source_x_axis_swap_control,5,548,316,1508,98,2738,2738,2238,0.0649867374005305,4.9963503649635035,0.8173849525200877
open3dsg_recovery_relaxed_views_min2,relative_horizontal,depth_front_behind,"behind,front",RH3_source_x_axis_swap_control,10,548,316,1508,224,5468,5468,4336,0.14854111405835543,9.978102189781023,0.7929773226042429
open3dsg_recovery_relaxed_views_min2,relative_horizontal,depth_front_behind,"behind,front",RH3_source_x_axis_swap_control,20,548,316,1508,444,10824,10824,8303,0.29442970822281167,19.751824817518248,0.7670916481892092
open3dsg_recovery_relaxed_views_min2,relative_horizontal,depth_front_behind,"behind,front",RH3_source_x_axis_swap_control,50,548,316,1508,881,25582,25582,17373,0.5842175066312998,46.68248175182482,0.6791103119380815
open3dsg_recovery_relaxed_views_min2,relative_horizontal,depth_front_behind,"behind,front",RH3_source_x_axis_swap_control,100,548,316,1508,1282,44280,44280,24912,0.850132625994695,80.8029197080292,0.5626016260162602
open3dsg_recovery_relaxed_views_min2,relative_horizontal,depth_front_behind,"behind,front",RH4_source_x_sign_flip_control,5,548,316,1508,119,2738,2738,2734,0.07891246684350132,4.9963503649635035,0.9985390796201608
open3dsg_recovery_relaxed_views_min2,relative_horizontal,depth_front_behind,"behind,front",RH4_source_x_sign_flip_control,10,548,316,1508,290,5468,5468,5411,0.19230769230769232,9.978102189781023,0.9895757132406731
open3dsg_recovery_relaxed_views_min2,relative_horizontal,depth_front_behind,"behind,front",RH4_source_x_sign_flip_control,20,548,316,1508,570,10824,10824,10510,0.3779840848806366,19.751824817518248,0.970990391722099
open3dsg_recovery_relaxed_views_min2,relative_horizontal,depth_front_behind,"behind,front",RH4_source_x_sign_flip_control,50,548,316,1508,1104,25582,25582,22136,0.7320954907161804,46.68248175182482,0.8652959111875538
open3dsg_recovery_relaxed_views_min2,relative_horizontal,depth_front_behind,"behind,front",RH4_source_x_sign_flip_control,100,548,316,1508,1387,44280,44280,26766,0.919761273209549,80.8029197080292,0.6044715447154472
vlsat_full_validation,relative_horizontal,lateral_left_right,"left,right",RH0_source_score,5,548,484,3426,1526,2740,2740,639,0.4454173963806188,5.0,0.2332116788321168
vlsat_full_validation,relative_horizontal,lateral_left_right,"left,right",RH0_source_score,10,548,484,3426,2363,5480,5480,1303,0.6897256275539988,10.0,0.23777372262773722
vlsat_full_validation,relative_horizontal,lateral_left_right,"left,right",RH0_source_score,20,548,484,3426,3044,10960,10960,2836,0.8884997081144191,20.0,0.2587591240875912
vlsat_full_validation,relative_horizontal,lateral_left_right,"left,right",RH0_source_score,50,548,484,3426,3375,27250,27250,9299,0.9851138353765324,49.72627737226277,0.34124770642201835
vlsat_full_validation,relative_horizontal,lateral_left_right,"left,right",RH0_source_score,100,548,484,3426,3410,52740,52740,24506,0.9953298307063632,96.24087591240875,0.46465680697762607
vlsat_full_validation,relative_horizontal,lateral_left_right,"left,right",RH1_source_x_frame_score,5,548,484,3426,1417,2740,2740,328,0.4136018680677175,5.0,0.11970802919708029
vlsat_full_validation,relative_horizontal,lateral_left_right,"left,right",RH1_source_x_frame_score,10,548,484,3426,2208,5480,5480,772,0.6444833625218914,10.0,0.14087591240875913
vlsat_full_validation,relative_horizontal,lateral_left_right,"left,right",RH1_source_x_frame_score,20,548,484,3426,2895,10960,10960,1741,0.8450087565674256,20.0,0.15885036496350366
vlsat_full_validation,relative_horizontal,lateral_left_right,"left,right",RH1_source_x_frame_score,50,548,484,3426,3302,27250,27250,5911,0.963806187974314,49.72627737226277,0.21691743119266055
vlsat_full_validation,relative_horizontal,lateral_left_right,"left,right",RH1_source_x_frame_score,100,548,484,3426,3400,52740,52740,16337,0.99241097489784,96.24087591240875,0.30976488433826316
vlsat_full_validation,relative_horizontal,lateral_left_right,"left,right",RH3_source_x_axis_swap_control,5,548,484,3426,1219,2740,2740,828,0.3558085230589609,5.0,0.3021897810218978
vlsat_full_validation,relative_horizontal,lateral_left_right,"left,right",RH3_source_x_axis_swap_control,10,548,484,3426,1938,5480,5480,1790,0.5656742556917689,10.0,0.3266423357664234
vlsat_full_validation,relative_horizontal,lateral_left_right,"left,right",RH3_source_x_axis_swap_control,20,548,484,3426,2561,10960,10960,4251,0.7475189725627553,20.0,0.38786496350364963
vlsat_full_validation,relative_horizontal,lateral_left_right,"left,right",RH3_source_x_axis_swap_control,50,548,484,3426,3073,27250,27250,14186,0.896964389959136,49.72627737226277,0.5205871559633027
vlsat_full_validation,relative_horizontal,lateral_left_right,"left,right",RH3_source_x_axis_swap_control,100,548,484,3426,3289,52740,52740,30499,0.9600116754232341,96.24087591240875,0.5782897231702693
vlsat_full_validation,relative_horizontal,lateral_left_right,"left,right",RH4_source_x_sign_flip_control,5,548,484,3426,1120,2740,2740,1219,0.3269118505545826,5.0,0.4448905109489051
vlsat_full_validation,relative_horizontal,lateral_left_right,"left,right",RH4_source_x_sign_flip_control,10,548,484,3426,1800,5480,5480,2436,0.5253940455341506,10.0,0.44452554744525546
vlsat_full_validation,relative_horizontal,lateral_left_right,"left,right",RH4_source_x_sign_flip_control,20,548,484,3426,2480,10960,10960,5296,0.7238762405137186,20.0,0.4832116788321168
vlsat_full_validation,relative_horizontal,lateral_left_right,"left,right",RH4_source_x_sign_flip_control,50,548,484,3426,3001,27250,27250,16036,0.87594862813777,49.72627737226277,0.5884770642201835
vlsat_full_validation,relative_horizontal,lateral_left_right,"left,right",RH4_source_x_sign_flip_control,100,548,484,3426,3263,52740,52740,35097,0.9524226503210741,96.24087591240875,0.6654721274175199
vlsat_full_validation,relative_horizontal,depth_front_behind,"behind,front",RH0_source_score,5,548,386,2048,876,2740,2740,1966,0.427734375,5.0,0.7175182481751825
vlsat_full_validation,relative_horizontal,depth_front_behind,"behind,front",RH0_source_score,10,548,386,2048,1342,5480,5480,3848,0.6552734375,10.0,0.7021897810218978
vlsat_full_validation,relative_horizontal,depth_front_behind,"behind,front",RH0_source_score,20,548,386,2048,1773,10960,10960,7365,0.86572265625,20.0,0.6719890510948905
vlsat_full_validation,relative_horizontal,depth_front_behind,"behind,front",RH0_source_score,50,548,386,2048,2001,27250,27250,16384,0.97705078125,49.72627737226277,0.6012477064220183
vlsat_full_validation,relative_horizontal,depth_front_behind,"behind,front",RH0_source_score,100,548,386,2048,2034,52740,52740,27491,0.9931640625,96.24087591240875,0.5212552142586272
vlsat_full_validation,relative_horizontal,depth_front_behind,"behind,front",RH1_source_x_frame_score,5,548,386,2048,607,2740,2740,1170,0.29638671875,5.0,0.42700729927007297
vlsat_full_validation,relative_horizontal,depth_front_behind,"behind,front",RH1_source_x_frame_score,10,548,386,2048,979,5480,5480,2310,0.47802734375,10.0,0.4215328467153285
vlsat_full_validation,relative_horizontal,depth_front_behind,"behind,front",RH1_source_x_frame_score,20,548,386,2048,1357,10960,10960,4372,0.66259765625,20.0,0.3989051094890511
vlsat_full_validation,relative_horizontal,depth_front_behind,"behind,front",RH1_source_x_frame_score,50,548,386,2048,1740,27250,27250,9925,0.849609375,49.72627737226277,0.3642201834862385
vlsat_full_validation,relative_horizontal,depth_front_behind,"behind,front",RH1_source_x_frame_score,100,548,386,2048,1897,52740,52740,17572,0.92626953125,96.24087591240875,0.33318164580963217
vlsat_full_validation,relative_horizontal,depth_front_behind,"behind,front",RH3_source_x_axis_swap_control,5,548,386,2048,701,2740,2740,2132,0.34228515625,5.0,0.7781021897810219
vlsat_full_validation,relative_horizontal,depth_front_behind,"behind,front",RH3_source_x_axis_swap_control,10,548,386,2048,1104,5480,5480,4239,0.5390625,10.0,0.7735401459854014
vlsat_full_validation,relative_horizontal,depth_front_behind,"behind,front",RH3_source_x_axis_swap_control,20,548,386,2048,1502,10960,10960,8324,0.7333984375,20.0,0.7594890510948905
vlsat_full_validation,relative_horizontal,depth_front_behind,"behind,front",RH3_source_x_axis_swap_control,50,548,386,2048,1831,27250,27250,19091,0.89404296875,49.72627737226277,0.7005871559633028
vlsat_full_validation,relative_horizontal,depth_front_behind,"behind,front",RH3_source_x_axis_swap_control,100,548,386,2048,1960,52740,52740,32458,0.95703125,96.24087591240875,0.6154342055365947
vlsat_full_validation,relative_horizontal,depth_front_behind,"behind,front",RH4_source_x_sign_flip_control,5,548,386,2048,788,2740,2740,2395,0.384765625,5.0,0.8740875912408759
vlsat_full_validation,relative_horizontal,depth_front_behind,"behind,front",RH4_source_x_sign_flip_control,10,548,386,2048,1218,5480,5480,4696,0.5947265625,10.0,0.8569343065693431
vlsat_full_validation,relative_horizontal,depth_front_behind,"behind,front",RH4_source_x_sign_flip_control,20,548,386,2048,1621,10960,10960,9128,0.79150390625,20.0,0.8328467153284671
vlsat_full_validation,relative_horizontal,depth_front_behind,"behind,front",RH4_source_x_sign_flip_control,50,548,386,2048,1908,27250,27250,20759,0.931640625,49.72627737226277,0.7617981651376147
vlsat_full_validation,relative_horizontal,depth_front_behind,"behind,front",RH4_source_x_sign_flip_control,100,548,386,2048,1975,52740,52740,36310,0.96435546875,96.24087591240875,0.6884717481987107
