level,source_id,route_family,comparison,primary_score,baseline_score,metric,K,point_delta,ci_low_95,ci_high_95,n_bootstrap,unit_count
source_family,open3dsg_recovery_relaxed_views_min2,relative_vertical,S2_source_x_Ce_minus_S0_source_score,S2_source_x_Ce,S0_source_score,Recall@K,5,0.0625,0.028221095869761834,0.10577330508474576,1000,548
source_family,open3dsg_recovery_relaxed_views_min2,relative_vertical,S2_source_x_Ce_minus_A1_source_x_G_only,S2_source_x_Ce,A1_source_x_G_only,Recall@K,5,0.03571428571428571,0.008608424446313432,0.0742227853822314,1000,548
source_family,open3dsg_recovery_relaxed_views_min2,relative_vertical,S2_source_x_Ce_minus_A2_source_x_TG_concat,S2_source_x_Ce,A2_source_x_TG_concat,Recall@K,5,0.03571428571428571,0.008608424446313432,0.0742227853822314,1000,548
source_family,open3dsg_recovery_relaxed_views_min2,relative_vertical,S2_source_x_Ce_minus_C1_source_x_shuffled_Ce,S2_source_x_Ce,C1_source_x_shuffled_Ce,Recall@K,5,0.008928571428571425,-0.03604659346846847,0.05859949448529411,1000,548
source_family,open3dsg_recovery_relaxed_views_min2,relative_vertical,S2_source_x_Ce_minus_C2_source_x_wrong_T_Ce,S2_source_x_Ce,C2_source_x_wrong_T_Ce,Recall@K,5,0.06696428571428571,0.0322399011915141,0.11112459546925564,1000,548
source_family,open3dsg_recovery_relaxed_views_min2,relative_vertical,S2_source_x_Ce_minus_S1_Ce_only,S2_source_x_Ce,S1_Ce_only,Recall@K,5,0.03125,-0.012197620951619356,0.07547566196289837,1000,548
source_family,open3dsg_recovery_relaxed_views_min2,relative_vertical,S2_source_x_Ce_minus_S0_source_score,S2_source_x_Ce,S0_source_score,Violation@K,5,-0.60409057706355,-0.6286560116062335,-0.5814410040720689,1000,548
source_family,open3dsg_recovery_relaxed_views_min2,relative_vertical,S2_source_x_Ce_minus_A1_source_x_G_only,S2_source_x_Ce,A1_source_x_G_only,Violation@K,5,-0.5734112490869248,-0.592474482642027,-0.5555109144683693,1000,548
source_family,open3dsg_recovery_relaxed_views_min2,relative_vertical,S2_source_x_Ce_minus_A2_source_x_TG_concat,S2_source_x_Ce,A2_source_x_TG_concat,Violation@K,5,-0.5818115412710007,-0.6018991964937911,-0.5613575362697477,1000,548
source_family,open3dsg_recovery_relaxed_views_min2,relative_vertical,S2_source_x_Ce_minus_C1_source_x_shuffled_Ce,S2_source_x_Ce,C1_source_x_shuffled_Ce,Violation@K,5,-0.5029218407596786,-0.5211833455076698,-0.4839298758217677,1000,548
source_family,open3dsg_recovery_relaxed_views_min2,relative_vertical,S2_source_x_Ce_minus_C2_source_x_wrong_T_Ce,S2_source_x_Ce,C2_source_x_wrong_T_Ce,Violation@K,5,-0.9952520087655222,-0.9992700729927007,-0.9901315789473684,1000,548
source_family,open3dsg_recovery_relaxed_views_min2,relative_vertical,S2_source_x_Ce_minus_S1_Ce_only,S2_source_x_Ce,S1_Ce_only,Violation@K,5,0.0007304601899196495,0.0,0.0018261504747991233,1000,548
source_family,open3dsg_recovery_relaxed_views_min2,relative_vertical,S2_source_x_Ce_minus_S0_source_score,S2_source_x_Ce,S0_source_score,Recall@K,10,0.13839285714285715,0.08172002032520324,0.19999999999999998,1000,548
source_family,open3dsg_recovery_relaxed_views_min2,relative_vertical,S2_source_x_Ce_minus_A1_source_x_G_only,S2_source_x_Ce,A1_source_x_G_only,Recall@K,10,0.05803571428571429,0.016120543293718165,0.11366242702251872,1000,548
source_family,open3dsg_recovery_relaxed_views_min2,relative_vertical,S2_source_x_Ce_minus_A2_source_x_TG_concat,S2_source_x_Ce,A2_source_x_TG_concat,Recall@K,10,0.07589285714285714,0.03234686994063681,0.13254255554327402,1000,548
source_family,open3dsg_recovery_relaxed_views_min2,relative_vertical,S2_source_x_Ce_minus_C1_source_x_shuffled_Ce,S2_source_x_Ce,C1_source_x_shuffled_Ce,Recall@K,10,0.03125,-0.032357125777140124,0.10527046783625729,1000,548
source_family,open3dsg_recovery_relaxed_views_min2,relative_vertical,S2_source_x_Ce_minus_C2_source_x_wrong_T_Ce,S2_source_x_Ce,C2_source_x_wrong_T_Ce,Recall@K,10,0.15625,0.09841992407199102,0.22413793103448276,1000,548
source_family,open3dsg_recovery_relaxed_views_min2,relative_vertical,S2_source_x_Ce_minus_S1_Ce_only,S2_source_x_Ce,S1_Ce_only,Recall@K,10,0.04464285714285714,-0.015463917525773196,0.10850939432376724,1000,548
source_family,open3dsg_recovery_relaxed_views_min2,relative_vertical,S2_source_x_Ce_minus_S0_source_score,S2_source_x_Ce,S0_source_score,Violation@K,10,-0.4987198244330651,-0.5151829556437189,-0.48501053994957605,1000,548
source_family,open3dsg_recovery_relaxed_views_min2,relative_vertical,S2_source_x_Ce_minus_A1_source_x_G_only,S2_source_x_Ce,A1_source_x_G_only,Violation@K,10,-0.46196049743964884,-0.47296309828279137,-0.45225991345935657,1000,548
source_family,open3dsg_recovery_relaxed_views_min2,relative_vertical,S2_source_x_Ce_minus_A2_source_x_TG_concat,S2_source_x_Ce,A2_source_x_TG_concat,Violation@K,10,-0.46506949524506214,-0.47643797746826855,-0.45349231050897104,1000,548
source_family,open3dsg_recovery_relaxed_views_min2,relative_vertical,S2_source_x_Ce_minus_C1_source_x_shuffled_Ce,S2_source_x_Ce,C1_source_x_shuffled_Ce,Violation@K,10,-0.47439648866130213,-0.4871845331862597,-0.460041608387483,1000,548
source_family,open3dsg_recovery_relaxed_views_min2,relative_vertical,S2_source_x_Ce_minus_C2_source_x_wrong_T_Ce,S2_source_x_Ce,C2_source_x_wrong_T_Ce,Violation@K,10,-0.9742136064374544,-0.9842725597283855,-0.9626053885630498,1000,548
source_family,open3dsg_recovery_relaxed_views_min2,relative_vertical,S2_source_x_Ce_minus_S1_Ce_only,S2_source_x_Ce,S1_Ce_only,Violation@K,10,0.0032918800292611565,0.0016441359152356595,0.0052921158149073656,1000,548
source_family,open3dsg_recovery_relaxed_views_min2,relative_vertical,S2_source_x_Ce_minus_S0_source_score,S2_source_x_Ce,S0_source_score,Recall@K,20,0.2544642857142857,0.17543407487791646,0.33088843981301136,1000,548
source_family,open3dsg_recovery_relaxed_views_min2,relative_vertical,S2_source_x_Ce_minus_A1_source_x_G_only,S2_source_x_Ce,A1_source_x_G_only,Recall@K,20,0.1919642857142857,0.09410115448048374,0.29014077853363573,1000,548
source_family,open3dsg_recovery_relaxed_views_min2,relative_vertical,S2_source_x_Ce_minus_A2_source_x_TG_concat,S2_source_x_Ce,A2_source_x_TG_concat,Recall@K,20,0.23660714285714285,0.16246975806451613,0.31634247448979586,1000,548
source_family,open3dsg_recovery_relaxed_views_min2,relative_vertical,S2_source_x_Ce_minus_C1_source_x_shuffled_Ce,S2_source_x_Ce,C1_source_x_shuffled_Ce,Recall@K,20,0.1607142857142857,0.0738944856839873,0.2479053843759726,1000,548
source_family,open3dsg_recovery_relaxed_views_min2,relative_vertical,S2_source_x_Ce_minus_C2_source_x_wrong_T_Ce,S2_source_x_Ce,C2_source_x_wrong_T_Ce,Recall@K,20,0.40178571428571425,0.31079054054054056,0.4957236842105262,1000,548
source_family,open3dsg_recovery_relaxed_views_min2,relative_vertical,S2_source_x_Ce_minus_S1_Ce_only,S2_source_x_Ce,S1_Ce_only,Recall@K,20,0.0401785714285714,-0.01724437260536396,0.10957589285714281,1000,548
source_family,open3dsg_recovery_relaxed_views_min2,relative_vertical,S2_source_x_Ce_minus_S0_source_score,S2_source_x_Ce,S0_source_score,Violation@K,20,-0.43348115299334816,-0.44430197217161194,-0.4230468105089257,1000,548
source_family,open3dsg_recovery_relaxed_views_min2,relative_vertical,S2_source_x_Ce_minus_A1_source_x_G_only,S2_source_x_Ce,A1_source_x_G_only,Violation@K,20,-0.4012379896526238,-0.4112803927030598,-0.39121910568033447,1000,548
source_family,open3dsg_recovery_relaxed_views_min2,relative_vertical,S2_source_x_Ce_minus_A2_source_x_TG_concat,S2_source_x_Ce,A2_source_x_TG_concat,Violation@K,20,-0.40890613451589064,-0.4189066040927346,-0.39914691106724787,1000,548
source_family,open3dsg_recovery_relaxed_views_min2,relative_vertical,S2_source_x_Ce_minus_C1_source_x_shuffled_Ce,S2_source_x_Ce,C1_source_x_shuffled_Ce,Violation@K,20,-0.44623059866962306,-0.4569189290060566,-0.43504317972038065,1000,548
source_family,open3dsg_recovery_relaxed_views_min2,relative_vertical,S2_source_x_Ce_minus_C2_source_x_wrong_T_Ce,S2_source_x_Ce,C2_source_x_wrong_T_Ce,Violation@K,20,-0.9230413895048041,-0.9397601387413844,-0.9062964304386111,1000,548
source_family,open3dsg_recovery_relaxed_views_min2,relative_vertical,S2_source_x_Ce_minus_S1_Ce_only,S2_source_x_Ce,S1_Ce_only,Violation@K,20,0.007298595713229862,0.00538233110616184,0.009488015748669087,1000,548
source_family,open3dsg_recovery_relaxed_views_min2,relative_vertical,S2_source_x_Ce_minus_S0_source_score,S2_source_x_Ce,S0_source_score,Recall@K,50,0.2366071428571429,0.13485692558007928,0.3291922169811321,1000,548
source_family,open3dsg_recovery_relaxed_views_min2,relative_vertical,S2_source_x_Ce_minus_A1_source_x_G_only,S2_source_x_Ce,A1_source_x_G_only,Recall@K,50,0.2901785714285714,0.1780808945620589,0.39002722772277215,1000,548
source_family,open3dsg_recovery_relaxed_views_min2,relative_vertical,S2_source_x_Ce_minus_A2_source_x_TG_concat,S2_source_x_Ce,A2_source_x_TG_concat,Recall@K,50,0.2901785714285714,0.18474050826699331,0.3846153846153846,1000,548
source_family,open3dsg_recovery_relaxed_views_min2,relative_vertical,S2_source_x_Ce_minus_C1_source_x_shuffled_Ce,S2_source_x_Ce,C1_source_x_shuffled_Ce,Recall@K,50,0.2857142857142857,0.2111019283746557,0.36576388888888883,1000,548
source_family,open3dsg_recovery_relaxed_views_min2,relative_vertical,S2_source_x_Ce_minus_C2_source_x_wrong_T_Ce,S2_source_x_Ce,C2_source_x_wrong_T_Ce,Recall@K,50,0.6696428571428572,0.5602230349971314,0.7611309523809525,1000,548
source_family,open3dsg_recovery_relaxed_views_min2,relative_vertical,S2_source_x_Ce_minus_S1_Ce_only,S2_source_x_Ce,S1_Ce_only,Recall@K,50,0.0401785714285714,-0.008622563718140998,0.08963432772395039,1000,548
source_family,open3dsg_recovery_relaxed_views_min2,relative_vertical,S2_source_x_Ce_minus_S0_source_score,S2_source_x_Ce,S0_source_score,Violation@K,50,-0.32370416699241655,-0.33728100433684993,-0.31085078798342414,1000,548
source_family,open3dsg_recovery_relaxed_views_min2,relative_vertical,S2_source_x_Ce_minus_A1_source_x_G_only,S2_source_x_Ce,A1_source_x_G_only,Violation@K,50,-0.3262059260417481,-0.3400771021032877,-0.31281498615385717,1000,548
source_family,open3dsg_recovery_relaxed_views_min2,relative_vertical,S2_source_x_Ce_minus_A2_source_x_TG_concat,S2_source_x_Ce,A2_source_x_TG_concat,Violation@K,50,-0.3268704557892268,-0.34095660316755005,-0.31330460892341794,1000,548
source_family,open3dsg_recovery_relaxed_views_min2,relative_vertical,S2_source_x_Ce_minus_C1_source_x_shuffled_Ce,S2_source_x_Ce,C1_source_x_shuffled_Ce,Violation@K,50,-0.3330075834571183,-0.34711323718032183,-0.3196458722118546,1000,548
source_family,open3dsg_recovery_relaxed_views_min2,relative_vertical,S2_source_x_Ce_minus_C2_source_x_wrong_T_Ce,S2_source_x_Ce,C2_source_x_wrong_T_Ce,Violation@K,50,-0.689039168165116,-0.7177200499540882,-0.661798819262223,1000,548
source_family,open3dsg_recovery_relaxed_views_min2,relative_vertical,S2_source_x_Ce_minus_S1_Ce_only,S2_source_x_Ce,S1_Ce_only,Violation@K,50,0.019779532483777645,0.01720883768657664,0.022594081160499477,1000,548
source_family,open3dsg_recovery_relaxed_views_min2,relative_vertical,S2_source_x_Ce_minus_S0_source_score,S2_source_x_Ce,S0_source_score,Recall@K,100,0.017857142857142905,0.0,0.04414175506268074,1000,548
source_family,open3dsg_recovery_relaxed_views_min2,relative_vertical,S2_source_x_Ce_minus_A1_source_x_G_only,S2_source_x_Ce,A1_source_x_G_only,Recall@K,100,0.0535714285714286,0.023619731357109732,0.09806757413709281,1000,548
source_family,open3dsg_recovery_relaxed_views_min2,relative_vertical,S2_source_x_Ce_minus_A2_source_x_TG_concat,S2_source_x_Ce,A2_source_x_TG_concat,Recall@K,100,0.1116071428571429,0.051396349988961615,0.19024136828644495,1000,548
source_family,open3dsg_recovery_relaxed_views_min2,relative_vertical,S2_source_x_Ce_minus_C1_source_x_shuffled_Ce,S2_source_x_Ce,C1_source_x_shuffled_Ce,Recall@K,100,0.0982142857142857,0.05507317333713143,0.14707087753134043,1000,548
source_family,open3dsg_recovery_relaxed_views_min2,relative_vertical,S2_source_x_Ce_minus_C2_source_x_wrong_T_Ce,S2_source_x_Ce,C2_source_x_wrong_T_Ce,Recall@K,100,0.1964285714285714,0.11446730833056751,0.2974784540802586,1000,548
source_family,open3dsg_recovery_relaxed_views_min2,relative_vertical,S2_source_x_Ce_minus_S1_Ce_only,S2_source_x_Ce,S1_Ce_only,Recall@K,100,0.0,0.0,0.0,1000,548
source_family,open3dsg_recovery_relaxed_views_min2,relative_vertical,S2_source_x_Ce_minus_S0_source_score,S2_source_x_Ce,S0_source_score,Violation@K,100,-0.1004290876242096,-0.10870426761916156,-0.0925900304272862,1000,548
source_family,open3dsg_recovery_relaxed_views_min2,relative_vertical,S2_source_x_Ce_minus_A1_source_x_G_only,S2_source_x_Ce,A1_source_x_G_only,Violation@K,100,-0.10363595302619694,-0.11242067743444077,-0.0954614024351637,1000,548
source_family,open3dsg_recovery_relaxed_views_min2,relative_vertical,S2_source_x_Ce_minus_A2_source_x_TG_concat,S2_source_x_Ce,A2_source_x_TG_concat,Violation@K,100,-0.10214543812104787,-0.11062141314529728,-0.09433879387350119,1000,548
source_family,open3dsg_recovery_relaxed_views_min2,relative_vertical,S2_source_x_Ce_minus_C1_source_x_shuffled_Ce,S2_source_x_Ce,C1_source_x_shuffled_Ce,Violation@K,100,-0.10365853658536583,-0.11274190254128102,-0.09537519716768889,1000,548
source_family,open3dsg_recovery_relaxed_views_min2,relative_vertical,S2_source_x_Ce_minus_C2_source_x_wrong_T_Ce,S2_source_x_Ce,C2_source_x_wrong_T_Ce,Violation@K,100,-0.2077687443541102,-0.22522022150905227,-0.19120092888544146,1000,548
source_family,open3dsg_recovery_relaxed_views_min2,relative_vertical,S2_source_x_Ce_minus_S1_Ce_only,S2_source_x_Ce,S1_Ce_only,Violation@K,100,0.00036133694670281713,0.0001339002712377732,0.0006697478663144018,1000,548
source_family,open3dsg_recovery_relaxed_views_min2,size_relative,S2_source_x_Ce_minus_S0_source_score,S2_source_x_Ce,S0_source_score,Recall@K,5,-0.01020408163265306,-0.05,0.024999999999999998,1000,548
source_family,open3dsg_recovery_relaxed_views_min2,size_relative,S2_source_x_Ce_minus_A1_source_x_G_only,S2_source_x_Ce,A1_source_x_G_only,Recall@K,5,0.01020408163265306,0.0,0.037505896226415085,1000,548
source_family,open3dsg_recovery_relaxed_views_min2,size_relative,S2_source_x_Ce_minus_A2_source_x_TG_concat,S2_source_x_Ce,A2_source_x_TG_concat,Recall@K,5,-0.01020408163265306,-0.0375,0.0,1000,548
source_family,open3dsg_recovery_relaxed_views_min2,size_relative,S2_source_x_Ce_minus_C1_source_x_shuffled_Ce,S2_source_x_Ce,C1_source_x_shuffled_Ce,Recall@K,5,-0.04081632653061225,-0.09381853070175439,0.011919642857142842,1000,548
source_family,open3dsg_recovery_relaxed_views_min2,size_relative,S2_source_x_Ce_minus_C2_source_x_wrong_T_Ce,S2_source_x_Ce,C2_source_x_wrong_T_Ce,Recall@K,5,0.01020408163265306,0.0,0.037505896226415085,1000,548
source_family,open3dsg_recovery_relaxed_views_min2,size_relative,S2_source_x_Ce_minus_S1_Ce_only,S2_source_x_Ce,S1_Ce_only,Recall@K,5,0.01020408163265306,0.0,0.037505896226415085,1000,548
source_family,open3dsg_recovery_relaxed_views_min2,size_relative,S2_source_x_Ce_minus_S0_source_score,S2_source_x_Ce,S0_source_score,Violation@K,5,-0.2658875091307524,-0.28216772070790563,-0.24780335342697932,1000,548
source_family,open3dsg_recovery_relaxed_views_min2,size_relative,S2_source_x_Ce_minus_A1_source_x_G_only,S2_source_x_Ce,A1_source_x_G_only,Violation@K,5,-0.16362308254200145,-0.17922552750070575,-0.14870160167474744,1000,548
source_family,open3dsg_recovery_relaxed_views_min2,size_relative,S2_source_x_Ce_minus_A2_source_x_TG_concat,S2_source_x_Ce,A2_source_x_TG_concat,Violation@K,5,-0.3287070854638422,-0.3507517198031172,-0.30667847234991724,1000,548
source_family,open3dsg_recovery_relaxed_views_min2,size_relative,S2_source_x_Ce_minus_C1_source_x_shuffled_Ce,S2_source_x_Ce,C1_source_x_shuffled_Ce,Violation@K,5,-0.4130752373995617,-0.43149952774961414,-0.3949543769297346,1000,548
source_family,open3dsg_recovery_relaxed_views_min2,size_relative,S2_source_x_Ce_minus_C2_source_x_wrong_T_Ce,S2_source_x_Ce,C2_source_x_wrong_T_Ce,Violation@K,5,-0.9967129291453616,-1.0,-0.9919561243144424,1000,548
source_family,open3dsg_recovery_relaxed_views_min2,size_relative,S2_source_x_Ce_minus_S1_Ce_only,S2_source_x_Ce,S1_Ce_only,Violation@K,5,0.0,0.0,0.0,1000,548
source_family,open3dsg_recovery_relaxed_views_min2,size_relative,S2_source_x_Ce_minus_S0_source_score,S2_source_x_Ce,S0_source_score,Recall@K,10,0.010204081632653045,-0.10526315789473685,0.11460336538461538,1000,548
source_family,open3dsg_recovery_relaxed_views_min2,size_relative,S2_source_x_Ce_minus_A1_source_x_G_only,S2_source_x_Ce,A1_source_x_G_only,Recall@K,10,0.13265306122448978,0.03946723426212591,0.24327327327327325,1000,548
source_family,open3dsg_recovery_relaxed_views_min2,size_relative,S2_source_x_Ce_minus_A2_source_x_TG_concat,S2_source_x_Ce,A2_source_x_TG_concat,Recall@K,10,0.05102040816326529,-0.04083758503401361,0.14584603658536585,1000,548
source_family,open3dsg_recovery_relaxed_views_min2,size_relative,S2_source_x_Ce_minus_C1_source_x_shuffled_Ce,S2_source_x_Ce,C1_source_x_shuffled_Ce,Recall@K,10,0.030612244897959176,-0.056460777126099704,0.1276595744680851,1000,548
source_family,open3dsg_recovery_relaxed_views_min2,size_relative,S2_source_x_Ce_minus_C2_source_x_wrong_T_Ce,S2_source_x_Ce,C2_source_x_wrong_T_Ce,Recall@K,10,0.14285714285714285,0.04898459383753501,0.25,1000,548
source_family,open3dsg_recovery_relaxed_views_min2,size_relative,S2_source_x_Ce_minus_S1_Ce_only,S2_source_x_Ce,S1_Ce_only,Recall@K,10,0.14285714285714285,0.04898459383753501,0.25,1000,548
source_family,open3dsg_recovery_relaxed_views_min2,size_relative,S2_source_x_Ce_minus_S0_source_score,S2_source_x_Ce,S0_source_score,Violation@K,10,-0.31528895391367956,-0.3284705819405411,-0.30252456413293943,1000,548
source_family,open3dsg_recovery_relaxed_views_min2,size_relative,S2_source_x_Ce_minus_A1_source_x_G_only,S2_source_x_Ce,A1_source_x_G_only,Violation@K,10,-0.2640819312362838,-0.27615372490397516,-0.25164018253520676,1000,548
source_family,open3dsg_recovery_relaxed_views_min2,size_relative,S2_source_x_Ce_minus_A2_source_x_TG_concat,S2_source_x_Ce,A2_source_x_TG_concat,Violation@K,10,-0.33997805413313825,-0.35444891980959353,-0.32608259282767377,1000,548
source_family,open3dsg_recovery_relaxed_views_min2,size_relative,S2_source_x_Ce_minus_C1_source_x_shuffled_Ce,S2_source_x_Ce,C1_source_x_shuffled_Ce,Violation@K,10,-0.44934162399414773,-0.4632809645597369,-0.4362377418127965,1000,548
source_family,open3dsg_recovery_relaxed_views_min2,size_relative,S2_source_x_Ce_minus_C2_source_x_wrong_T_Ce,S2_source_x_Ce,C2_source_x_wrong_T_Ce,Violation@K,10,-0.9773226042428675,-0.9875947956284562,-0.966675214228679,1000,548
source_family,open3dsg_recovery_relaxed_views_min2,size_relative,S2_source_x_Ce_minus_S1_Ce_only,S2_source_x_Ce,S1_Ce_only,Violation@K,10,0.0014630577907827364,0.0003653535358922993,0.002926115581565471,1000,548
source_family,open3dsg_recovery_relaxed_views_min2,size_relative,S2_source_x_Ce_minus_S0_source_score,S2_source_x_Ce,S0_source_score,Recall@K,20,0.13265306122448983,-0.05953571428571429,0.3618059159314997,1000,548
source_family,open3dsg_recovery_relaxed_views_min2,size_relative,S2_source_x_Ce_minus_A1_source_x_G_only,S2_source_x_Ce,A1_source_x_G_only,Recall@K,20,0.2551020408163266,0.14391233766233763,0.3698756976154237,1000,548
source_family,open3dsg_recovery_relaxed_views_min2,size_relative,S2_source_x_Ce_minus_A2_source_x_TG_concat,S2_source_x_Ce,A2_source_x_TG_concat,Recall@K,20,0.3163265306122449,0.1599855072463768,0.47961184473789514,1000,548
source_family,open3dsg_recovery_relaxed_views_min2,size_relative,S2_source_x_Ce_minus_C1_source_x_shuffled_Ce,S2_source_x_Ce,C1_source_x_shuffled_Ce,Recall@K,20,0.20408163265306123,0.07137896825396828,0.3404255319148936,1000,548
source_family,open3dsg_recovery_relaxed_views_min2,size_relative,S2_source_x_Ce_minus_C2_source_x_wrong_T_Ce,S2_source_x_Ce,C2_source_x_wrong_T_Ce,Recall@K,20,0.46938775510204084,0.3243044515103339,0.6363636363636364,1000,548
source_family,open3dsg_recovery_relaxed_views_min2,size_relative,S2_source_x_Ce_minus_S1_Ce_only,S2_source_x_Ce,S1_Ce_only,Recall@K,20,0.29591836734693877,0.2129419191919192,0.3947521419828641,1000,548
source_family,open3dsg_recovery_relaxed_views_min2,size_relative,S2_source_x_Ce_minus_S0_source_score,S2_source_x_Ce,S0_source_score,Violation@K,20,-0.37111973392461195,-0.3818336627135593,-0.3608527135244028,1000,548
source_family,open3dsg_recovery_relaxed_views_min2,size_relative,S2_source_x_Ce_minus_A1_source_x_G_only,S2_source_x_Ce,A1_source_x_G_only,Violation@K,20,-0.3325942350332594,-0.3420811067198866,-0.322776264113893,1000,548
source_family,open3dsg_recovery_relaxed_views_min2,size_relative,S2_source_x_Ce_minus_A2_source_x_TG_concat,S2_source_x_Ce,A2_source_x_TG_concat,Violation@K,20,-0.36465262379896524,-0.37602025910150827,-0.3525198818292248,1000,548
source_family,open3dsg_recovery_relaxed_views_min2,size_relative,S2_source_x_Ce_minus_C1_source_x_shuffled_Ce,S2_source_x_Ce,C1_source_x_shuffled_Ce,Violation@K,20,-0.4591648189209165,-0.4709134650605116,-0.44716680571566847,1000,548
source_family,open3dsg_recovery_relaxed_views_min2,size_relative,S2_source_x_Ce_minus_C2_source_x_wrong_T_Ce,S2_source_x_Ce,C2_source_x_wrong_T_Ce,Violation@K,20,-0.9316334072431633,-0.9477875204662642,-0.9157260332926991,1000,548
source_family,open3dsg_recovery_relaxed_views_min2,size_relative,S2_source_x_Ce_minus_S1_Ce_only,S2_source_x_Ce,S1_Ce_only,Violation@K,20,0.005173688100517371,0.0034232635703316835,0.007277215962571434,1000,548
source_family,open3dsg_recovery_relaxed_views_min2,size_relative,S2_source_x_Ce_minus_S0_source_score,S2_source_x_Ce,S0_source_score,Recall@K,50,0.3979591836734695,0.32352941176470584,0.47,1000,548
source_family,open3dsg_recovery_relaxed_views_min2,size_relative,S2_source_x_Ce_minus_A1_source_x_G_only,S2_source_x_Ce,A1_source_x_G_only,Recall@K,50,0.3571428571428572,0.2699807692307693,0.4310540752351097,1000,548
source_family,open3dsg_recovery_relaxed_views_min2,size_relative,S2_source_x_Ce_minus_A2_source_x_TG_concat,S2_source_x_Ce,A2_source_x_TG_concat,Recall@K,50,0.44897959183673475,0.37254380475594495,0.5156312003968254,1000,548
source_family,open3dsg_recovery_relaxed_views_min2,size_relative,S2_source_x_Ce_minus_C1_source_x_shuffled_Ce,S2_source_x_Ce,C1_source_x_shuffled_Ce,Recall@K,50,0.41836734693877553,0.3181439393939395,0.5270457957957957,1000,548
source_family,open3dsg_recovery_relaxed_views_min2,size_relative,S2_source_x_Ce_minus_C2_source_x_wrong_T_Ce,S2_source_x_Ce,C2_source_x_wrong_T_Ce,Recall@K,50,0.8775510204081634,0.7916666666666666,0.9519345238095239,1000,548
source_family,open3dsg_recovery_relaxed_views_min2,size_relative,S2_source_x_Ce_minus_S1_Ce_only,S2_source_x_Ce,S1_Ce_only,Recall@K,50,0.010204081632653073,-0.05555555555555558,0.09090909090909094,1000,548
source_family,open3dsg_recovery_relaxed_views_min2,size_relative,S2_source_x_Ce_minus_S0_source_score,S2_source_x_Ce,S0_source_score,Violation@K,50,-0.34102103041200843,-0.3542694250077203,-0.3275324165695053,1000,548
source_family,open3dsg_recovery_relaxed_views_min2,size_relative,S2_source_x_Ce_minus_A1_source_x_G_only,S2_source_x_Ce,A1_source_x_G_only,Violation@K,50,-0.327222265655539,-0.3400811346348781,-0.3151361110797038,1000,548
source_family,open3dsg_recovery_relaxed_views_min2,size_relative,S2_source_x_Ce_minus_A2_source_x_TG_concat,S2_source_x_Ce,A2_source_x_TG_concat,Violation@K,50,-0.3527480259557501,-0.3666962923572134,-0.3379876361692174,1000,548
source_family,open3dsg_recovery_relaxed_views_min2,size_relative,S2_source_x_Ce_minus_C1_source_x_shuffled_Ce,S2_source_x_Ce,C1_source_x_shuffled_Ce,Violation@K,50,-0.3603314830740364,-0.37579551800663197,-0.3449846789437125,1000,548
source_family,open3dsg_recovery_relaxed_views_min2,size_relative,S2_source_x_Ce_minus_C2_source_x_wrong_T_Ce,S2_source_x_Ce,C2_source_x_wrong_T_Ce,Violation@K,50,-0.712180439371433,-0.7418501278176055,-0.6835663403561736,1000,548
source_family,open3dsg_recovery_relaxed_views_min2,size_relative,S2_source_x_Ce_minus_S1_Ce_only,S2_source_x_Ce,S1_Ce_only,Violation@K,50,0.008834336642952079,0.007127826971301658,0.0106072082713241,1000,548
source_family,open3dsg_recovery_relaxed_views_min2,size_relative,S2_source_x_Ce_minus_S0_source_score,S2_source_x_Ce,S0_source_score,Recall@K,100,0.0,0.0,0.0,1000,548
source_family,open3dsg_recovery_relaxed_views_min2,size_relative,S2_source_x_Ce_minus_A1_source_x_G_only,S2_source_x_Ce,A1_source_x_G_only,Recall@K,100,0.0714285714285714,0.009079153605015622,0.16304902395740897,1000,548
source_family,open3dsg_recovery_relaxed_views_min2,size_relative,S2_source_x_Ce_minus_A2_source_x_TG_concat,S2_source_x_Ce,A2_source_x_TG_concat,Recall@K,100,0.05102040816326525,0.0,0.13888888888888884,1000,548
source_family,open3dsg_recovery_relaxed_views_min2,size_relative,S2_source_x_Ce_minus_C1_source_x_shuffled_Ce,S2_source_x_Ce,C1_source_x_shuffled_Ce,Recall@K,100,0.10204081632653061,0.030303030303030276,0.19319098240469212,1000,548
source_family,open3dsg_recovery_relaxed_views_min2,size_relative,S2_source_x_Ce_minus_C2_source_x_wrong_T_Ce,S2_source_x_Ce,C2_source_x_wrong_T_Ce,Recall@K,100,0.12244897959183676,0.019589345172031116,0.24468085106382975,1000,548
source_family,open3dsg_recovery_relaxed_views_min2,size_relative,S2_source_x_Ce_minus_S1_Ce_only,S2_source_x_Ce,S1_Ce_only,Recall@K,100,0.0,0.0,0.0,1000,548
source_family,open3dsg_recovery_relaxed_views_min2,size_relative,S2_source_x_Ce_minus_S0_source_score,S2_source_x_Ce,S0_source_score,Violation@K,100,-0.12719060523938575,-0.13719742987592293,-0.11731773556760362,1000,548
source_family,open3dsg_recovery_relaxed_views_min2,size_relative,S2_source_x_Ce_minus_A1_source_x_G_only,S2_source_x_Ce,A1_source_x_G_only,Violation@K,100,-0.12705510388437213,-0.13709153924921783,-0.11762189591745338,1000,548
source_family,open3dsg_recovery_relaxed_views_min2,size_relative,S2_source_x_Ce_minus_A2_source_x_TG_concat,S2_source_x_Ce,A2_source_x_TG_concat,Violation@K,100,-0.12244805781391144,-0.13196330006540413,-0.11232468194252011,1000,548
source_family,open3dsg_recovery_relaxed_views_min2,size_relative,S2_source_x_Ce_minus_C1_source_x_shuffled_Ce,S2_source_x_Ce,C1_source_x_shuffled_Ce,Violation@K,100,-0.1062330623306233,-0.11471346369383251,-0.09812766135043208,1000,548
source_family,open3dsg_recovery_relaxed_views_min2,size_relative,S2_source_x_Ce_minus_C2_source_x_wrong_T_Ce,S2_source_x_Ce,C2_source_x_wrong_T_Ce,Violation@K,100,-0.20851400180668467,-0.22457125948419185,-0.1925043049374916,1000,548
source_family,open3dsg_recovery_relaxed_views_min2,size_relative,S2_source_x_Ce_minus_S1_Ce_only,S2_source_x_Ce,S1_Ce_only,Violation@K,100,0.0002258355916892607,8.932899218523916e-05,0.0003864075541046355,1000,548
source_family,vlsat_full_validation,relative_vertical,S2_source_x_Ce_minus_S0_source_score,S2_source_x_Ce,S0_source_score,Recall@K,5,-0.017948717948717996,-0.038940416987452944,-0.002462752342316234,1000,548
source_family,vlsat_full_validation,relative_vertical,S2_source_x_Ce_minus_A1_source_x_G_only,S2_source_x_Ce,A1_source_x_G_only,Recall@K,5,-0.007692307692307776,-0.030865788468881276,0.0092603359173127,1000,548
source_family,vlsat_full_validation,relative_vertical,S2_source_x_Ce_minus_A2_source_x_TG_concat,S2_source_x_Ce,A2_source_x_TG_concat,Recall@K,5,-0.012820512820512886,-0.03551358820819894,0.003958796957518211,1000,548
source_family,vlsat_full_validation,relative_vertical,S2_source_x_Ce_minus_C1_source_x_shuffled_Ce,S2_source_x_Ce,C1_source_x_shuffled_Ce,Recall@K,5,0.043589743589743546,0.014348322655637572,0.07065288527202367,1000,548
source_family,vlsat_full_validation,relative_vertical,S2_source_x_Ce_minus_C2_source_x_wrong_T_Ce,S2_source_x_Ce,C2_source_x_wrong_T_Ce,Recall@K,5,0.02307692307692305,-0.016534112521179846,0.05952578051087986,1000,548
source_family,vlsat_full_validation,relative_vertical,S2_source_x_Ce_minus_S1_Ce_only,S2_source_x_Ce,S1_Ce_only,Recall@K,5,0.4923076923076923,0.40598888888888884,0.6038643790849673,1000,548
source_family,vlsat_full_validation,relative_vertical,S2_source_x_Ce_minus_S0_source_score,S2_source_x_Ce,S0_source_score,Violation@K,5,-0.0478102189781022,-0.056578467153284684,-0.04014598540145985,1000,548
source_family,vlsat_full_validation,relative_vertical,S2_source_x_Ce_minus_A1_source_x_G_only,S2_source_x_Ce,A1_source_x_G_only,Violation@K,5,-0.04452554744525547,-0.05255474452554744,-0.03722627737226278,1000,548
source_family,vlsat_full_validation,relative_vertical,S2_source_x_Ce_minus_A2_source_x_TG_concat,S2_source_x_Ce,A2_source_x_TG_concat,Violation@K,5,-0.04562043795620438,-0.05401459854014598,-0.037591240875912424,1000,548
source_family,vlsat_full_validation,relative_vertical,S2_source_x_Ce_minus_C1_source_x_shuffled_Ce,S2_source_x_Ce,C1_source_x_shuffled_Ce,Violation@K,5,-0.05401459854014598,-0.06496350364963503,-0.04270072992700731,1000,548
source_family,vlsat_full_validation,relative_vertical,S2_source_x_Ce_minus_C2_source_x_wrong_T_Ce,S2_source_x_Ce,C2_source_x_wrong_T_Ce,Violation@K,5,-0.172992700729927,-0.1901551094890511,-0.15693430656934304,1000,548
source_family,vlsat_full_validation,relative_vertical,S2_source_x_Ce_minus_S1_Ce_only,S2_source_x_Ce,S1_Ce_only,Violation@K,5,0.11021897810218978,0.09452554744525547,0.12554744525547445,1000,548
source_family,vlsat_full_validation,relative_vertical,S2_source_x_Ce_minus_S0_source_score,S2_source_x_Ce,S0_source_score,Recall@K,10,0.012820512820512775,0.002135854341736687,0.027918781725888353,1000,548
source_family,vlsat_full_validation,relative_vertical,S2_source_x_Ce_minus_A1_source_x_G_only,S2_source_x_Ce,A1_source_x_G_only,Recall@K,10,0.01538461538461533,0.0,0.030730572468771516,1000,548
source_family,vlsat_full_validation,relative_vertical,S2_source_x_Ce_minus_A2_source_x_TG_concat,S2_source_x_Ce,A2_source_x_TG_concat,Recall@K,10,0.012820512820512775,0.0,0.027273969200198773,1000,548
source_family,vlsat_full_validation,relative_vertical,S2_source_x_Ce_minus_C1_source_x_shuffled_Ce,S2_source_x_Ce,C1_source_x_shuffled_Ce,Recall@K,10,0.05128205128205121,0.01998882681564248,0.08867922936770362,1000,548
source_family,vlsat_full_validation,relative_vertical,S2_source_x_Ce_minus_C2_source_x_wrong_T_Ce,S2_source_x_Ce,C2_source_x_wrong_T_Ce,Recall@K,10,0.033333333333333326,0.002436734226497195,0.06140350877192979,1000,548
source_family,vlsat_full_validation,relative_vertical,S2_source_x_Ce_minus_S1_Ce_only,S2_source_x_Ce,S1_Ce_only,Recall@K,10,0.6358974358974359,0.5379090356998262,0.7500369822485207,1000,548
source_family,vlsat_full_validation,relative_vertical,S2_source_x_Ce_minus_S0_source_score,S2_source_x_Ce,S0_source_score,Violation@K,10,-0.05328467153284672,-0.05967153284671531,-0.04708029197080291,1000,548
source_family,vlsat_full_validation,relative_vertical,S2_source_x_Ce_minus_A1_source_x_G_only,S2_source_x_Ce,A1_source_x_G_only,Violation@K,10,-0.05401459854014598,-0.060401459854014586,-0.04781021897810217,1000,548
source_family,vlsat_full_validation,relative_vertical,S2_source_x_Ce_minus_A2_source_x_TG_concat,S2_source_x_Ce,A2_source_x_TG_concat,Violation@K,10,-0.05419708029197082,-0.06076642335766422,-0.04799270072992701,1000,548
source_family,vlsat_full_validation,relative_vertical,S2_source_x_Ce_minus_C1_source_x_shuffled_Ce,S2_source_x_Ce,C1_source_x_shuffled_Ce,Violation@K,10,-0.06861313868613139,-0.07773722627737226,-0.05984945255474451,1000,548
source_family,vlsat_full_validation,relative_vertical,S2_source_x_Ce_minus_C2_source_x_wrong_T_Ce,S2_source_x_Ce,C2_source_x_wrong_T_Ce,Violation@K,10,-0.19306569343065696,-0.20602645985401463,-0.17919708029197084,1000,548
source_family,vlsat_full_validation,relative_vertical,S2_source_x_Ce_minus_S1_Ce_only,S2_source_x_Ce,S1_Ce_only,Violation@K,10,0.13047445255474452,0.1180565693430657,0.14197080291970804,1000,548
source_family,vlsat_full_validation,relative_vertical,S2_source_x_Ce_minus_S0_source_score,S2_source_x_Ce,S0_source_score,Recall@K,20,0.002564102564102555,-0.00561877102774076,0.010778204647676167,1000,548
source_family,vlsat_full_validation,relative_vertical,S2_source_x_Ce_minus_A1_source_x_G_only,S2_source_x_Ce,A1_source_x_G_only,Recall@K,20,0.0,-0.006333929554210268,0.007575757575757569,1000,548
source_family,vlsat_full_validation,relative_vertical,S2_source_x_Ce_minus_A2_source_x_TG_concat,S2_source_x_Ce,A2_source_x_TG_concat,Recall@K,20,-0.002564102564102555,-0.008153287598004258,0.0,1000,548
source_family,vlsat_full_validation,relative_vertical,S2_source_x_Ce_minus_C1_source_x_shuffled_Ce,S2_source_x_Ce,C1_source_x_shuffled_Ce,Recall@K,20,0.05128205128205121,0.026944659442724363,0.07650876858558898,1000,548
source_family,vlsat_full_validation,relative_vertical,S2_source_x_Ce_minus_C2_source_x_wrong_T_Ce,S2_source_x_Ce,C2_source_x_wrong_T_Ce,Recall@K,20,0.09743589743589742,0.035318730960952636,0.16569925429726995,1000,548
source_family,vlsat_full_validation,relative_vertical,S2_source_x_Ce_minus_S1_Ce_only,S2_source_x_Ce,S1_Ce_only,Recall@K,20,0.7,0.6186325115562404,0.7972419977924945,1000,548
source_family,vlsat_full_validation,relative_vertical,S2_source_x_Ce_minus_S0_source_score,S2_source_x_Ce,S0_source_score,Violation@K,20,-0.07837591240875913,-0.08549498175182482,-0.07134808394160586,1000,548
source_family,vlsat_full_validation,relative_vertical,S2_source_x_Ce_minus_A1_source_x_G_only,S2_source_x_Ce,A1_source_x_G_only,Violation@K,20,-0.08102189781021898,-0.08923357664233575,-0.07371578467153284,1000,548
source_family,vlsat_full_validation,relative_vertical,S2_source_x_Ce_minus_A2_source_x_TG_concat,S2_source_x_Ce,A2_source_x_TG_concat,Violation@K,20,-0.07983576642335766,-0.08741104014598541,-0.07281021897810219,1000,548
source_family,vlsat_full_validation,relative_vertical,S2_source_x_Ce_minus_C1_source_x_shuffled_Ce,S2_source_x_Ce,C1_source_x_shuffled_Ce,Violation@K,20,-0.10072992700729927,-0.10985401459854013,-0.09178832116788321,1000,548
source_family,vlsat_full_validation,relative_vertical,S2_source_x_Ce_minus_C2_source_x_wrong_T_Ce,S2_source_x_Ce,C2_source_x_wrong_T_Ce,Violation@K,20,-0.2480839416058394,-0.2629584854014599,-0.23401916058394162,1000,548
source_family,vlsat_full_validation,relative_vertical,S2_source_x_Ce_minus_S1_Ce_only,S2_source_x_Ce,S1_Ce_only,Violation@K,20,0.1583029197080292,0.14863138686131389,0.16788549270072994,1000,548
source_family,vlsat_full_validation,relative_vertical,S2_source_x_Ce_minus_S0_source_score,S2_source_x_Ce,S0_source_score,Recall@K,50,0.002564102564102555,0.0,0.007408789386401337,1000,548
source_family,vlsat_full_validation,relative_vertical,S2_source_x_Ce_minus_A1_source_x_G_only,S2_source_x_Ce,A1_source_x_G_only,Recall@K,50,0.007692307692307665,0.0,0.016807902936455527,1000,548
source_family,vlsat_full_validation,relative_vertical,S2_source_x_Ce_minus_A2_source_x_TG_concat,S2_source_x_Ce,A2_source_x_TG_concat,Recall@K,50,0.007692307692307665,0.0,0.016807902936455527,1000,548
source_family,vlsat_full_validation,relative_vertical,S2_source_x_Ce_minus_C1_source_x_shuffled_Ce,S2_source_x_Ce,C1_source_x_shuffled_Ce,Recall@K,50,0.033333333333333326,0.014184397163120588,0.05364144316730524,1000,548
source_family,vlsat_full_validation,relative_vertical,S2_source_x_Ce_minus_C2_source_x_wrong_T_Ce,S2_source_x_Ce,C2_source_x_wrong_T_Ce,Recall@K,50,0.03589743589743588,0.017854876722262557,0.06021172617011759,1000,548
source_family,vlsat_full_validation,relative_vertical,S2_source_x_Ce_minus_S1_Ce_only,S2_source_x_Ce,S1_Ce_only,Recall@K,50,0.3307692307692308,0.2581350910976151,0.4183082535339717,1000,548
source_family,vlsat_full_validation,relative_vertical,S2_source_x_Ce_minus_S0_source_score,S2_source_x_Ce,S0_source_score,Violation@K,50,-0.16407339449541286,-0.17474899079188494,-0.15425059685284023,1000,548
source_family,vlsat_full_validation,relative_vertical,S2_source_x_Ce_minus_A1_source_x_G_only,S2_source_x_Ce,A1_source_x_G_only,Violation@K,50,-0.1739816513761468,-0.18530807959608764,-0.16335268609474254,1000,548
source_family,vlsat_full_validation,relative_vertical,S2_source_x_Ce_minus_A2_source_x_TG_concat,S2_source_x_Ce,A2_source_x_TG_concat,Violation@K,50,-0.1674862385321101,-0.1785488611315209,-0.15694342395297578,1000,548
source_family,vlsat_full_validation,relative_vertical,S2_source_x_Ce_minus_C1_source_x_shuffled_Ce,S2_source_x_Ce,C1_source_x_shuffled_Ce,Violation@K,50,-0.196697247706422,-0.20817068759589052,-0.18586375035363537,1000,548
source_family,vlsat_full_validation,relative_vertical,S2_source_x_Ce_minus_C2_source_x_wrong_T_Ce,S2_source_x_Ce,C2_source_x_wrong_T_Ce,Violation@K,50,-0.3940917431192661,-0.4131418356022492,-0.3745535205893178,1000,548
source_family,vlsat_full_validation,relative_vertical,S2_source_x_Ce_minus_S1_Ce_only,S2_source_x_Ce,S1_Ce_only,Violation@K,50,0.16388990825688074,0.15469388311845775,0.17225649063129284,1000,548
source_family,vlsat_full_validation,relative_vertical,S2_source_x_Ce_minus_S0_source_score,S2_source_x_Ce,S0_source_score,Recall@K,100,0.0,0.0,0.0,1000,548
source_family,vlsat_full_validation,relative_vertical,S2_source_x_Ce_minus_A1_source_x_G_only,S2_source_x_Ce,A1_source_x_G_only,Recall@K,100,0.007692307692307665,0.0,0.022111933077379322,1000,548
source_family,vlsat_full_validation,relative_vertical,S2_source_x_Ce_minus_A2_source_x_TG_concat,S2_source_x_Ce,A2_source_x_TG_concat,Recall@K,100,0.007692307692307665,0.0,0.022111933077379322,1000,548
source_family,vlsat_full_validation,relative_vertical,S2_source_x_Ce_minus_C1_source_x_shuffled_Ce,S2_source_x_Ce,C1_source_x_shuffled_Ce,Recall@K,100,0.012820512820512775,0.0,0.028061224489795866,1000,548
source_family,vlsat_full_validation,relative_vertical,S2_source_x_Ce_minus_C2_source_x_wrong_T_Ce,S2_source_x_Ce,C2_source_x_wrong_T_Ce,Recall@K,100,0.02564102564102566,0.009086850649350598,0.04942537555972842,1000,548
source_family,vlsat_full_validation,relative_vertical,S2_source_x_Ce_minus_S1_Ce_only,S2_source_x_Ce,S1_Ce_only,Recall@K,100,0.0,0.0,0.0,1000,548
source_family,vlsat_full_validation,relative_vertical,S2_source_x_Ce_minus_S0_source_score,S2_source_x_Ce,S0_source_score,Violation@K,100,-0.16344330678801672,-0.16798675379449174,-0.15818432785223455,1000,548
source_family,vlsat_full_validation,relative_vertical,S2_source_x_Ce_minus_A1_source_x_G_only,S2_source_x_Ce,A1_source_x_G_only,Violation@K,100,-0.16503602578687904,-0.16967305869969096,-0.15967643086986452,1000,548
source_family,vlsat_full_validation,relative_vertical,S2_source_x_Ce_minus_A2_source_x_TG_concat,S2_source_x_Ce,A2_source_x_TG_concat,Violation@K,100,-0.16678043230944256,-0.17160627345111362,-0.16155891533240427,1000,548
source_family,vlsat_full_validation,relative_vertical,S2_source_x_Ce_minus_C1_source_x_shuffled_Ce,S2_source_x_Ce,C1_source_x_shuffled_Ce,Violation@K,100,-0.16981418278346605,-0.17458595491407858,-0.16491550297132435,1000,548
source_family,vlsat_full_validation,relative_vertical,S2_source_x_Ce_minus_C2_source_x_wrong_T_Ce,S2_source_x_Ce,C2_source_x_wrong_T_Ce,Violation@K,100,-0.36332954114524085,-0.37276017602650424,-0.35185202477208205,1000,548
source_family,vlsat_full_validation,relative_vertical,S2_source_x_Ce_minus_S1_Ce_only,S2_source_x_Ce,S1_Ce_only,Violation@K,100,0.0032802427000379053,0.001830666219288081,0.004869183361928329,1000,548
source_family,vlsat_full_validation,size_relative,S2_source_x_Ce_minus_S0_source_score,S2_source_x_Ce,S0_source_score,Recall@K,5,0.00588235294117645,-0.01299128503075872,0.02633357041251779,1000,548
source_family,vlsat_full_validation,size_relative,S2_source_x_Ce_minus_A1_source_x_G_only,S2_source_x_Ce,A1_source_x_G_only,Recall@K,5,0.0,-0.023536414565826353,0.022990716180371323,1000,548
source_family,vlsat_full_validation,size_relative,S2_source_x_Ce_minus_A2_source_x_TG_concat,S2_source_x_Ce,A2_source_x_TG_concat,Recall@K,5,0.0,-0.015390624999999946,0.016407335370936377,1000,548
source_family,vlsat_full_validation,size_relative,S2_source_x_Ce_minus_C1_source_x_shuffled_Ce,S2_source_x_Ce,C1_source_x_shuffled_Ce,Recall@K,5,0.01764705882352946,-0.038854176679803884,0.07778138528138533,1000,548
source_family,vlsat_full_validation,size_relative,S2_source_x_Ce_minus_C2_source_x_wrong_T_Ce,S2_source_x_Ce,C2_source_x_wrong_T_Ce,Recall@K,5,0.02941176470588236,-0.013000175500175504,0.07577540106951863,1000,548
source_family,vlsat_full_validation,size_relative,S2_source_x_Ce_minus_S1_Ce_only,S2_source_x_Ce,S1_Ce_only,Recall@K,5,0.5588235294117647,0.45269465894465893,0.6832262056850846,1000,548
source_family,vlsat_full_validation,size_relative,S2_source_x_Ce_minus_S0_source_score,S2_source_x_Ce,S0_source_score,Violation@K,5,-0.045255474452554734,-0.0536587591240876,-0.03759124087591241,1000,548
source_family,vlsat_full_validation,size_relative,S2_source_x_Ce_minus_A1_source_x_G_only,S2_source_x_Ce,A1_source_x_G_only,Violation@K,5,-0.045985401459854025,-0.05474452554744526,-0.03832116788321169,1000,548
source_family,vlsat_full_validation,size_relative,S2_source_x_Ce_minus_A2_source_x_TG_concat,S2_source_x_Ce,A2_source_x_TG_concat,Violation@K,5,-0.04343065693430656,-0.051824817518248176,-0.036131386861313855,1000,548
source_family,vlsat_full_validation,size_relative,S2_source_x_Ce_minus_C1_source_x_shuffled_Ce,S2_source_x_Ce,C1_source_x_shuffled_Ce,Violation@K,5,-0.05510948905109489,-0.0656934306569343,-0.04452554744525547,1000,548
source_family,vlsat_full_validation,size_relative,S2_source_x_Ce_minus_C2_source_x_wrong_T_Ce,S2_source_x_Ce,C2_source_x_wrong_T_Ce,Violation@K,5,-0.12956204379562045,-0.14562956204379562,-0.11423357664233577,1000,548
source_family,vlsat_full_validation,size_relative,S2_source_x_Ce_minus_S1_Ce_only,S2_source_x_Ce,S1_Ce_only,Violation@K,5,0.10364963503649635,0.08868613138686131,0.11934306569343066,1000,548
source_family,vlsat_full_validation,size_relative,S2_source_x_Ce_minus_S0_source_score,S2_source_x_Ce,S0_source_score,Recall@K,10,0.0,0.0,0.0,1000,548
source_family,vlsat_full_validation,size_relative,S2_source_x_Ce_minus_A1_source_x_G_only,S2_source_x_Ce,A1_source_x_G_only,Recall@K,10,0.005882352941176561,0.0,0.020000000000000018,1000,548
source_family,vlsat_full_validation,size_relative,S2_source_x_Ce_minus_A2_source_x_TG_concat,S2_source_x_Ce,A2_source_x_TG_concat,Recall@K,10,0.0,0.0,0.0,1000,548
source_family,vlsat_full_validation,size_relative,S2_source_x_Ce_minus_C1_source_x_shuffled_Ce,S2_source_x_Ce,C1_source_x_shuffled_Ce,Recall@K,10,0.005882352941176561,-0.022478294177732325,0.04033195798949744,1000,548
source_family,vlsat_full_validation,size_relative,S2_source_x_Ce_minus_C2_source_x_wrong_T_Ce,S2_source_x_Ce,C2_source_x_wrong_T_Ce,Recall@K,10,0.01764705882352946,-0.014089537223340132,0.04999999999999993,1000,548
source_family,vlsat_full_validation,size_relative,S2_source_x_Ce_minus_S1_Ce_only,S2_source_x_Ce,S1_Ce_only,Recall@K,10,0.7352941176470589,0.639332877959927,0.8421889952153109,1000,548
source_family,vlsat_full_validation,size_relative,S2_source_x_Ce_minus_S0_source_score,S2_source_x_Ce,S0_source_score,Violation@K,10,-0.0529197080291971,-0.0604014598540146,-0.045985401459854025,1000,548
source_family,vlsat_full_validation,size_relative,S2_source_x_Ce_minus_A1_source_x_G_only,S2_source_x_Ce,A1_source_x_G_only,Violation@K,10,-0.05602189781021899,-0.06350364963503649,-0.0487226277372263,1000,548
source_family,vlsat_full_validation,size_relative,S2_source_x_Ce_minus_A2_source_x_TG_concat,S2_source_x_Ce,A2_source_x_TG_concat,Violation@K,10,-0.04835766423357665,-0.05474908759124089,-0.0427007299270073,1000,548
source_family,vlsat_full_validation,size_relative,S2_source_x_Ce_minus_C1_source_x_shuffled_Ce,S2_source_x_Ce,C1_source_x_shuffled_Ce,Violation@K,10,-0.06277372262773723,-0.07171532846715328,-0.05383211678832117,1000,548
source_family,vlsat_full_validation,size_relative,S2_source_x_Ce_minus_C2_source_x_wrong_T_Ce,S2_source_x_Ce,C2_source_x_wrong_T_Ce,Violation@K,10,-0.1609489051094891,-0.17645985401459854,-0.14671532846715327,1000,548
source_family,vlsat_full_validation,size_relative,S2_source_x_Ce_minus_S1_Ce_only,S2_source_x_Ce,S1_Ce_only,Violation@K,10,0.1335766423357664,0.1208029197080292,0.14708485401459853,1000,548
source_family,vlsat_full_validation,size_relative,S2_source_x_Ce_minus_S0_source_score,S2_source_x_Ce,S0_source_score,Recall@K,20,0.005882352941176561,0.0,0.01869304906542056,1000,548
source_family,vlsat_full_validation,size_relative,S2_source_x_Ce_minus_A1_source_x_G_only,S2_source_x_Ce,A1_source_x_G_only,Recall@K,20,0.005882352941176561,0.0,0.01869304906542056,1000,548
source_family,vlsat_full_validation,size_relative,S2_source_x_Ce_minus_A2_source_x_TG_concat,S2_source_x_Ce,A2_source_x_TG_concat,Recall@K,20,0.005882352941176561,0.0,0.01869304906542056,1000,548
source_family,vlsat_full_validation,size_relative,S2_source_x_Ce_minus_C1_source_x_shuffled_Ce,S2_source_x_Ce,C1_source_x_shuffled_Ce,Recall@K,20,0.01764705882352946,-0.015151515151515142,0.051739174017642324,1000,548
source_family,vlsat_full_validation,size_relative,S2_source_x_Ce_minus_C2_source_x_wrong_T_Ce,S2_source_x_Ce,C2_source_x_wrong_T_Ce,Recall@K,20,0.02941176470588236,0.005742337164751005,0.059144341170038216,1000,548
source_family,vlsat_full_validation,size_relative,S2_source_x_Ce_minus_S1_Ce_only,S2_source_x_Ce,S1_Ce_only,Recall@K,20,0.823529411764706,0.7535211267605634,0.9,1000,548
source_family,vlsat_full_validation,size_relative,S2_source_x_Ce_minus_S0_source_score,S2_source_x_Ce,S0_source_score,Violation@K,20,-0.09333941605839416,-0.10164461678832118,-0.08476049270072994,1000,548
source_family,vlsat_full_validation,size_relative,S2_source_x_Ce_minus_A1_source_x_G_only,S2_source_x_Ce,A1_source_x_G_only,Violation@K,20,-0.09680656934306572,-0.10647810218978099,-0.08795164233576643,1000,548
source_family,vlsat_full_validation,size_relative,S2_source_x_Ce_minus_A2_source_x_TG_concat,S2_source_x_Ce,A2_source_x_TG_concat,Violation@K,20,-0.07162408759124089,-0.07783074817518248,-0.06514598540145985,1000,548
source_family,vlsat_full_validation,size_relative,S2_source_x_Ce_minus_C1_source_x_shuffled_Ce,S2_source_x_Ce,C1_source_x_shuffled_Ce,Violation@K,20,-0.11177007299270073,-0.12181569343065693,-0.1013663321167883,1000,548
source_family,vlsat_full_validation,size_relative,S2_source_x_Ce_minus_C2_source_x_wrong_T_Ce,S2_source_x_Ce,C2_source_x_wrong_T_Ce,Violation@K,20,-0.24498175182481755,-0.2641491788321168,-0.22618156934306569,1000,548
source_family,vlsat_full_validation,size_relative,S2_source_x_Ce_minus_S1_Ce_only,S2_source_x_Ce,S1_Ce_only,Violation@K,20,0.16843065693430656,0.15793339416058394,0.18002052919708028,1000,548
source_family,vlsat_full_validation,size_relative,S2_source_x_Ce_minus_S0_source_score,S2_source_x_Ce,S0_source_score,Recall@K,50,-0.0117647058823529,-0.03076923076923077,0.0,1000,548
source_family,vlsat_full_validation,size_relative,S2_source_x_Ce_minus_A1_source_x_G_only,S2_source_x_Ce,A1_source_x_G_only,Recall@K,50,0.00588235294117645,0.0,0.019611068111455146,1000,548
source_family,vlsat_full_validation,size_relative,S2_source_x_Ce_minus_A2_source_x_TG_concat,S2_source_x_Ce,A2_source_x_TG_concat,Recall@K,50,0.0,0.0,0.0,1000,548
source_family,vlsat_full_validation,size_relative,S2_source_x_Ce_minus_C1_source_x_shuffled_Ce,S2_source_x_Ce,C1_source_x_shuffled_Ce,Recall@K,50,0.0,0.0,0.0,1000,548
source_family,vlsat_full_validation,size_relative,S2_source_x_Ce_minus_C2_source_x_wrong_T_Ce,S2_source_x_Ce,C2_source_x_wrong_T_Ce,Recall@K,50,0.00588235294117645,0.0,0.019611068111455146,1000,548
source_family,vlsat_full_validation,size_relative,S2_source_x_Ce_minus_S1_Ce_only,S2_source_x_Ce,S1_Ce_only,Recall@K,50,0.24117647058823533,0.1284388172576246,0.36669117647058824,1000,548
source_family,vlsat_full_validation,size_relative,S2_source_x_Ce_minus_S0_source_score,S2_source_x_Ce,S0_source_score,Violation@K,50,-0.21695412844036696,-0.22706816182718517,-0.20677138814290974,1000,548
source_family,vlsat_full_validation,size_relative,S2_source_x_Ce_minus_A1_source_x_G_only,S2_source_x_Ce,A1_source_x_G_only,Violation@K,50,-0.22807339449541283,-0.2390541059419244,-0.2171869261843555,1000,548
source_family,vlsat_full_validation,size_relative,S2_source_x_Ce_minus_A2_source_x_TG_concat,S2_source_x_Ce,A2_source_x_TG_concat,Violation@K,50,-0.1488440366972477,-0.15804133430402614,-0.13999945034811287,1000,548
source_family,vlsat_full_validation,size_relative,S2_source_x_Ce_minus_C1_source_x_shuffled_Ce,S2_source_x_Ce,C1_source_x_shuffled_Ce,Violation@K,50,-0.2471192660550459,-0.25880024008249813,-0.2360688622016611,1000,548
source_family,vlsat_full_validation,size_relative,S2_source_x_Ce_minus_C2_source_x_wrong_T_Ce,S2_source_x_Ce,C2_source_x_wrong_T_Ce,Violation@K,50,-0.4826788990825689,-0.5036514655288722,-0.4612803233423432,1000,548
source_family,vlsat_full_validation,size_relative,S2_source_x_Ce_minus_S1_Ce_only,S2_source_x_Ce,S1_Ce_only,Violation@K,50,0.13423853211009174,0.12558821369957673,0.14293450277661288,1000,548
source_family,vlsat_full_validation,size_relative,S2_source_x_Ce_minus_S0_source_score,S2_source_x_Ce,S0_source_score,Recall@K,100,0.0,0.0,0.0,1000,548
source_family,vlsat_full_validation,size_relative,S2_source_x_Ce_minus_A1_source_x_G_only,S2_source_x_Ce,A1_source_x_G_only,Recall@K,100,0.0117647058823529,0.0,0.03076923076923077,1000,548
source_family,vlsat_full_validation,size_relative,S2_source_x_Ce_minus_A2_source_x_TG_concat,S2_source_x_Ce,A2_source_x_TG_concat,Recall@K,100,0.01764705882352946,0.0,0.04929794818292475,1000,548
source_family,vlsat_full_validation,size_relative,S2_source_x_Ce_minus_C1_source_x_shuffled_Ce,S2_source_x_Ce,C1_source_x_shuffled_Ce,Recall@K,100,0.0117647058823529,0.0,0.03125988924050632,1000,548
source_family,vlsat_full_validation,size_relative,S2_source_x_Ce_minus_C2_source_x_wrong_T_Ce,S2_source_x_Ce,C2_source_x_wrong_T_Ce,Recall@K,100,0.02352941176470591,0.0,0.06153846153846154,1000,548
source_family,vlsat_full_validation,size_relative,S2_source_x_Ce_minus_S1_Ce_only,S2_source_x_Ce,S1_Ce_only,Recall@K,100,0.0,0.0,0.0,1000,548
source_family,vlsat_full_validation,size_relative,S2_source_x_Ce_minus_S0_source_score,S2_source_x_Ce,S0_source_score,Violation@K,100,-0.17110352673492607,-0.17584602108921815,-0.16614868792383924,1000,548
source_family,vlsat_full_validation,size_relative,S2_source_x_Ce_minus_A1_source_x_G_only,S2_source_x_Ce,A1_source_x_G_only,Violation@K,100,-0.17324611300720516,-0.17782833085915753,-0.16839546976972852,1000,548
source_family,vlsat_full_validation,size_relative,S2_source_x_Ce_minus_A2_source_x_TG_concat,S2_source_x_Ce,A2_source_x_TG_concat,Violation@K,100,-0.2115661736822147,-0.21787118037510633,-0.20529718732237587,1000,548
source_family,vlsat_full_validation,size_relative,S2_source_x_Ce_minus_C1_source_x_shuffled_Ce,S2_source_x_Ce,C1_source_x_shuffled_Ce,Violation@K,100,-0.18145620022753128,-0.18642230337835214,-0.1761495828099148,1000,548
source_family,vlsat_full_validation,size_relative,S2_source_x_Ce_minus_C2_source_x_wrong_T_Ce,S2_source_x_Ce,C2_source_x_wrong_T_Ce,Violation@K,100,-0.3850587789154342,-0.3949240538920152,-0.3745968960017022,1000,548
source_family,vlsat_full_validation,size_relative,S2_source_x_Ce_minus_S1_Ce_only,S2_source_x_Ce,S1_Ce_only,Violation@K,100,0.0011186954872961508,0.00035917477629755367,0.0020532506210181123,1000,548
