source,scope,family,condition,k,recall,recall_ci95_low,recall_ci95_high,violation_rate,violation_ci95_low,violation_ci95_high,delta_recall_vs_semantic,delta_violation_vs_semantic,delta_recall_vs_main,delta_recall_vs_main_ci95_low,delta_recall_vs_main_ci95_high,delta_violation_vs_main,delta_violation_vs_main_ci95_low,delta_violation_vs_main_ci95_high,selected_or_correct_numerator,violation_denominator
vlsat_closed_set,global_topk_family_slice,support_contact,semantic_only,5,0.5699339207048458,0.5419387409051671,0.594199638185018,0.0026367831245880024,0.0006451405054871966,0.005352984524686807,,,0.04350220264317184,0.030955762059593266,0.05473612259213161,0.00044859931714817756,-0.0017240564844965478,0.0028564649605033574,4,1517
vlsat_closed_set,global_topk_family_slice,support_contact,semantic_only,10,0.7285242290748899,0.7011490617967259,0.7541286428833761,0.010547667342799188,0.006305673293385586,0.015306533903884133,,,0.021475770925110105,0.012319239971399198,0.03126807221731977,-0.00022355195922580014,-0.002340117624707906,0.0018906894533674938,26,2465
vlsat_closed_set,global_topk_family_slice,support_contact,semantic_only,20,0.8397577092511013,0.8121691558021533,0.8633642612569374,0.02442850739578664,0.019340506166495377,0.030290437048159223,,,0.009911894273127664,0.0048620399364289555,0.015819903676947307,-0.0012248131508448626,-0.003237221736181384,0.0008556697493346172,109,4462
vlsat_closed_set,global_topk_family_slice,support_contact,semantic_only,50,0.9306167400881057,0.9122603684832901,0.948535584552546,0.03958614484930274,0.03506359535727137,0.04478321485827264,,,0.0005506607929515184,-0.0054526370711201365,0.006728460456468175,-0.0052047976474695265,-0.0069047544013606,-0.003260847980057574,440,11115
vlsat_closed_set,global_topk_family_slice,support_contact,semantic_only,100,0.973568281938326,0.9613609378973421,0.9842905965610472,0.04350360101577786,0.04032809905940862,0.04706341868458572,,,-0.0016519823788545551,-0.006598310538650953,0.0033538758483048327,-0.008620041112060266,-0.010090121420244662,-0.0071305591381943785,1045,24021
vlsat_closed_set,global_topk_family_slice,support_contact,family_conditional_risk,5,0.526431718061674,0.49836601307189543,0.5527687690731169,0.002188183807439825,0.0,0.005029188834746289,-0.04350220264317184,-0.00044859931714817756,,,,,,,3,1371
vlsat_closed_set,global_topk_family_slice,support_contact,family_conditional_risk,10,0.7070484581497798,0.679436652895557,0.7329988564894225,0.010771219302024989,0.006161028396978546,0.015914402825392197,-0.021475770925110105,0.00022355195922580014,,,,,,,25,2321
vlsat_closed_set,global_topk_family_slice,support_contact,family_conditional_risk,20,0.8298458149779736,0.8011645756340279,0.8545074712918046,0.025653320546631504,0.020348875142242734,0.03167072925221736,-0.009911894273127664,0.0012248131508448626,,,,,,,107,4171
vlsat_closed_set,global_topk_family_slice,support_contact,family_conditional_risk,50,0.9300660792951542,0.9109168877389364,0.946578571642137,0.04479094249677227,0.03943705989055355,0.05040452631877405,-0.0005506607929515184,0.0052047976474695265,,,,,,,451,10069
vlsat_closed_set,global_topk_family_slice,support_contact,family_conditional_risk,100,0.9752202643171806,0.9642040821914474,0.984350083635245,0.05212364212783813,0.04834053845944122,0.05616451092522736,0.0016519823788545551,0.008620041112060266,,,,,,,1118,21449
vlsat_closed_set,global_topk_family_slice,support_contact,pooled_calibration,5,0.539647577092511,0.5125348173515982,0.5666923924937662,0.002793296089385475,0.0006811873171799385,0.005776696489300476,-0.030286343612334843,0.00015651296479747253,0.013215859030836996,0.0038345255940278183,0.021728660652324726,0.0006051122819456501,-0.0001753584655341535,0.0020706908173076717,4,1432
vlsat_closed_set,global_topk_family_slice,support_contact,pooled_calibration,10,0.7131057268722467,0.6851349967296985,0.7399880611469647,0.013030685161832704,0.008158007728638901,0.01900760877317791,-0.01541850220264318,0.002483017819033515,0.006057268722466924,-0.0005802511259723641,0.012917986542638572,0.002259465859807715,-0.00031994875655712155,0.004937161385565576,31,2379
vlsat_closed_set,global_topk_family_slice,support_contact,pooled_calibration,20,0.8359030837004405,0.8076712328767123,0.8605283949150528,0.025998142989786442,0.020871638608938814,0.03215716097011205,-0.0038546255506607396,0.0015696355939998005,0.006057268722466924,0.0005527005281117714,0.011797357705394034,0.00034482244315493793,-0.0014561381042406602,0.0022299502500054327,112,4308
vlsat_closed_set,global_topk_family_slice,support_contact,pooled_calibration,50,0.9317180616740088,0.9139424533610354,0.9487784041409507,0.04226575316028177,0.03726258820926368,0.04753146580712907,0.0011013215859031478,0.0026796083109790272,0.0016519823788546661,-0.0023141186299081877,0.0066081116523951655,-0.0025251893364904993,-0.004078827220380711,-0.0011246663000092528,438,10363
vlsat_closed_set,global_topk_family_slice,support_contact,pooled_calibration,100,0.9779735682819384,0.9671293320733232,0.9869916843712655,0.04800256257722052,0.04432727760357513,0.05199860760813082,0.004405286343612369,0.004498961561442659,0.002753303964757814,0.0,0.00600797492076045,-0.004121079550617607,-0.005402489363831722,-0.002772258819949619,1049,21853
vlsat_closed_set,global_topk_family_slice,support_contact,geometry_only_family,5,0.019823788546255508,0.013690940804567725,0.026805467353263984,0.017857142857142856,0.008383282949372807,0.02970322390845642,-0.5501101321585903,0.015220359732554853,-0.5066079295154184,-0.5347886108955283,-0.4775460757783772,0.01566895904970303,0.005529125867522988,0.02734346591133198,18,1008
vlsat_closed_set,global_topk_family_slice,support_contact,geometry_only_family,10,0.03909691629955947,0.03120998166512712,0.04738344868757346,0.021627188465499485,0.013101599017252824,0.030834244454644753,-0.6894273127753304,0.011079521122700296,-0.6679515418502203,-0.6957768549904374,-0.6402710683685668,0.010855969163474496,0.001474220786629459,0.02068005548135482,42,1942
vlsat_closed_set,global_topk_family_slice,support_contact,geometry_only_family,20,0.08259911894273128,0.07035955950543293,0.09434599694033656,0.023155627355950458,0.016478594695207075,0.029556261833781645,-0.75715859030837,-0.0012728800398361835,-0.7472466960352423,-0.7738621088831888,-0.7182663912491593,-0.002497693190681046,-0.010655321290811773,0.005035537012605738,86,3714
vlsat_closed_set,global_topk_family_slice,support_contact,geometry_only_family,50,0.35187224669603523,0.3256145739195732,0.3786049894059841,0.04818072770891643,0.0419682537857572,0.05482327941999479,-0.5787444933920705,0.00859458285961369,-0.5781938325991189,-0.6048951896501047,-0.5498789216357792,0.0033897852121441627,-0.0026941885257603577,0.009929525053451614,482,10004
vlsat_closed_set,global_topk_family_slice,support_contact,geometry_only_family,100,0.6338105726872246,0.6038658053952772,0.6639814462608353,0.055780933062880324,0.050862580326522744,0.06115459505490319,-0.3397577092511014,0.012277332047102463,-0.34140969162995594,-0.36892132677688316,-0.3110344340289227,0.003657290935042197,-0.00039682482133201124,0.00725049250763229,1100,19720
vlsat_closed_set,global_topk_family_slice,support_contact,rank_average_fusion,5,0.21806167400881057,0.19690439168417168,0.23946901171299492,0.020703933747412008,0.010266414481435351,0.03388840185850792,-0.35187224669603523,0.018067150622824005,-0.3083700440528634,-0.3369088317475923,-0.2822786157529974,0.01851574993997218,0.008445482008993423,0.030867360525650755,20,966
vlsat_closed_set,global_topk_family_slice,support_contact,rank_average_fusion,10,0.3838105726872247,0.35506451806821515,0.41205128205128205,0.02838221381267739,0.019643845027996473,0.038375788987351875,-0.3447136563876652,0.017834546469878202,-0.3232378854625551,-0.3493229880482102,-0.2966209965333471,0.0176109945106524,0.009164228835896071,0.026957281124291594,60,2114
vlsat_closed_set,global_topk_family_slice,support_contact,rank_average_fusion,20,0.5550660792951542,0.5245097425417432,0.5856629487610091,0.041827688110934305,0.03456558092790299,0.050305162579356126,-0.2846916299559471,0.017399180715147664,-0.27477973568281944,-0.3036561344494578,-0.24455210852292356,0.0161743675643028,0.009235749304599807,0.023534768669632476,184,4399
vlsat_closed_set,global_topk_family_slice,support_contact,rank_average_fusion,50,0.762114537444934,0.7370187510149336,0.7873822129050597,0.05147484094852516,0.045615802214357626,0.057602411130762934,-0.16850220264317173,0.01188869609922242,-0.1679515418502202,-0.1906971803976803,-0.1459730629761226,0.006683898451752893,0.0024515580774493524,0.011224732212988574,534,10374
vlsat_closed_set,global_topk_family_slice,support_contact,rank_average_fusion,100,0.9432819383259912,0.92698747499721,0.9572103836240196,0.05778491171749599,0.05335313651410518,0.06228736909116656,-0.030286343612334843,0.014281310701718126,-0.0319383259911894,-0.04295170653941886,-0.021247927460246868,0.005661269589657861,0.0031470093654335854,0.008023806864288024,1152,19936
vlsat_closed_set,global_topk_family_slice,support_contact,reciprocal_rank_fusion,5,0.2582599118942731,0.23581678453577182,0.27945969129062653,0.019138755980861243,0.010049747231644682,0.030274700512249814,-0.3116740088105727,0.01650197285627324,-0.2681718061674009,-0.2937255899114998,-0.24374291805291767,0.01695057217342142,0.008074168164850659,0.027730530264378783,20,1045
vlsat_closed_set,global_topk_family_slice,support_contact,reciprocal_rank_fusion,10,0.46751101321585903,0.4382870006670689,0.4973327264125245,0.023561395559583146,0.01608452621528744,0.03208339200706186,-0.26101321585903087,0.013013728216783958,-0.23953744493392076,-0.26317023253113475,-0.21444562695768016,0.012790176257558157,0.005749858712478031,0.020094763627965712,52,2207
vlsat_closed_set,global_topk_family_slice,support_contact,reciprocal_rank_fusion,20,0.6855726872246696,0.6559462748699513,0.7144396100165591,0.03015873015873016,0.024133830403581538,0.03702163458088196,-0.1541850220264317,0.0057302227629435175,-0.14427312775330403,-0.16620434143321466,-0.12168478110805844,0.004505409612098655,-0.0011828460736308653,0.010047436475512797,133,4410
vlsat_closed_set,global_topk_family_slice,support_contact,reciprocal_rank_fusion,50,0.8964757709251101,0.8730134647918911,0.9165780521850844,0.038991916310033285,0.034142548150099636,0.04443393523003166,-0.03414096916299558,-0.0005942285392694577,-0.033590308370044064,-0.04326843194056574,-0.02372097740132719,-0.005799026186738984,-0.009551358336611561,-0.001917695124895904,410,10515
vlsat_closed_set,global_topk_family_slice,support_contact,reciprocal_rank_fusion,100,0.9592511013215859,0.9439342869596933,0.9721832501735101,0.05019770469669206,0.04600825129959963,0.05475026283510493,-0.014317180616740144,0.0066941036809142,-0.0159691629955947,-0.024703628831173104,-0.008321236757552716,-0.0019259374311460659,-0.004462770580048092,0.0005214622043515064,1041,20738
vlsat_closed_set,global_topk_family_slice,support_contact,loglinear_family_lambda_0_5,5,0.538546255506608,0.5104957956408233,0.5648521671796202,0.00211118930330753,0.0,0.004825349454455178,-0.03138766519823788,-0.0005255938212804724,0.01211453744493396,0.0054135288118664525,0.018723338463365866,-7.699450413229487e-05,-0.00018703582322788544,0.0,3,1421
vlsat_closed_set,global_topk_family_slice,support_contact,loglinear_family_lambda_0_5,10,0.7180616740088106,0.6895356984231101,0.7442160649396319,0.01051745898190997,0.006174707318047752,0.01555965544816556,-0.010462555066079293,-3.0208360889218133e-05,0.011013215859030812,0.004887464100684349,0.017610901775995978,-0.00025376032011501827,-0.0019917704828441617,0.001428186073592858,25,2377
vlsat_closed_set,global_topk_family_slice,support_contact,loglinear_family_lambda_0_5,20,0.836453744493392,0.8082121113285496,0.8607856599053783,0.02590431738623104,0.020639109059980308,0.03221358851409171,-0.0033039647577092213,0.0014758099904443982,0.0066079295154184425,0.003287581258294475,0.010906020249648598,0.0002509968395995356,-0.0009358790633240324,0.00174163211464931,111,4285
vlsat_closed_set,global_topk_family_slice,support_contact,loglinear_family_lambda_0_5,50,0.9311674008810573,0.9130423524643685,0.9483607834135385,0.04287624140565317,0.03768853778925701,0.048290949979791095,0.0005506607929516294,0.0032900965563504303,0.0011013215859031478,-0.002637268917765517,0.004865459430098273,-0.0019147010911190962,-0.0031491878494311963,-0.0006013901716565197,449,10472
vlsat_closed_set,global_topk_family_slice,support_contact,loglinear_family_lambda_0_5,100,0.9768722466960352,0.9659598214285714,0.9857757166862915,0.04848216264125858,0.04501183479260482,0.05223759963281804,0.0033039647577092213,0.004978561625480722,0.0016519823788546661,-0.001113647888164157,0.004504758709047604,-0.0036414794865795436,-0.0045978330059640825,-0.00265689501394369,1094,22565
vlsat_closed_set,global_topk_family_slice,support_contact,loglinear_family_lambda_2_0,5,0.5066079295154186,0.47999948665297737,0.5329087750356939,0.0030188679245283017,0.0007358216465394104,0.006241229241006375,-0.06332599118942728,0.0003820847999402993,-0.01982378854625544,-0.027486076301865822,-0.012600852060763461,0.0008306841170884769,2.1220762512526153e-05,0.002410177871168553,4,1325
vlsat_closed_set,global_topk_family_slice,support_contact,loglinear_family_lambda_2_0,10,0.6905286343612335,0.6625993074132435,0.716452517119422,0.011601963409192326,0.006866728298949007,0.016935346755110024,-0.03799559471365643,0.0010542960663931372,-0.01651982378854633,-0.02337335974959219,-0.00986805134991668,0.0008307441071673371,-0.0005641897953379307,0.0026207266006531677,26,2241
vlsat_closed_set,global_topk_family_slice,support_contact,loglinear_family_lambda_2_0,20,0.8149779735682819,0.7874565855747223,0.8392805602716469,0.025539300768658568,0.019828815445199727,0.0319200161141896,-0.024779735682819326,0.0011107933728719266,-0.014867841409691662,-0.02217535003906015,-0.00802933584564154,-0.000114019777972936,-0.0018018691315939417,0.001542374110563858,103,4033
vlsat_closed_set,global_topk_family_slice,support_contact,loglinear_family_lambda_2_0,50,0.927863436123348,0.9086238910022986,0.9447663870643596,0.04604032425691124,0.04061083061382145,0.05203945024331525,-0.002753303964757703,0.0064541794076085,-0.0022026431718061845,-0.006166092288102739,0.0011262535159593356,0.0012493817601389734,-0.00017899554073479376,0.002701287356257775,443,9622
vlsat_closed_set,global_topk_family_slice,support_contact,loglinear_family_lambda_2_0,100,0.9702643171806168,0.9588783280085197,0.9794788600196255,0.05584815661333598,0.051844053032115374,0.06011478211278894,-0.0033039647577092213,0.012344555597558121,-0.004955947136563776,-0.008470510890759734,-0.0016321203120513716,0.0037245144854978554,0.00265419312341226,0.00486860711173009,1124,20126
vlsat_closed_set,global_topk_family_slice,proximity,semantic_only,5,0.32559456398640996,0.2962670582740969,0.35567781542311117,0.0,0.0,0.0,,,-0.03737259343148358,-0.047327461781304724,-0.026806494927392063,0.0,0.0,0.0,0,1064
vlsat_closed_set,global_topk_family_slice,proximity,semantic_only,10,0.6160815402038505,0.5803858328216477,0.655855353065031,0.0,0.0,0.0,,,-0.01812004530011324,-0.025832166199813277,-0.010122883322320059,0.0,0.0,0.0,0,2519
vlsat_closed_set,global_topk_family_slice,proximity,semantic_only,20,0.8312570781426953,0.7909562904717854,0.8700844839256092,0.0,0.0,0.0,,,-0.010758776896942268,-0.0160896073343394,-0.005874924665017317,0.0,0.0,0.0,0,4906
vlsat_closed_set,global_topk_family_slice,proximity,semantic_only,50,0.927519818799547,0.8928898097152405,0.9578683446394153,0.0012829369387150893,0.0004947134167858314,0.002274975272007913,,,-0.003397508493771184,-0.006479169108904304,-0.0010705496682996835,0.0010938831529130285,0.0004013464858797486,0.001930929880025301,13,10133
vlsat_closed_set,global_topk_family_slice,proximity,semantic_only,100,0.950736126840317,0.9178297382399246,0.9778815047555693,0.008417610367589172,0.006362894684761186,0.0108560352622328,,,-0.007927519818799578,-0.01609244786843964,-0.002374876753462116,0.007492487499708281,0.00549509289132258,0.009712446082908173,139,16513
vlsat_closed_set,global_topk_family_slice,proximity,family_conditional_risk,5,0.36296715741789354,0.33169430767901875,0.3958345251716247,0.0,0.0,0.0,0.03737259343148358,0.0,,,,,,,0,1191
vlsat_closed_set,global_topk_family_slice,proximity,family_conditional_risk,10,0.6342015855039638,0.5971468055234421,0.6741006667116483,0.0,0.0,0.0,0.01812004530011324,0.0,,,,,,,0,2642
vlsat_closed_set,global_topk_family_slice,proximity,family_conditional_risk,20,0.8420158550396376,0.8026230215236322,0.8805480010490786,0.0,0.0,0.0,0.010758776896942268,0.0,,,,,,,0,5096
vlsat_closed_set,global_topk_family_slice,proximity,family_conditional_risk,50,0.9309173272933182,0.896935335330166,0.961543134872418,0.0001890537858020607,0.0,0.00048095999886544607,0.003397508493771184,-0.0010938831529130285,,,,,,,2,10579
vlsat_closed_set,global_topk_family_slice,proximity,family_conditional_risk,100,0.9586636466591166,0.9311664936250741,0.9814203341727625,0.0009251228678808904,0.00034186124965610677,0.0016391628906303798,0.007927519818799578,-0.007492487499708281,,,,,,,16,17295
vlsat_closed_set,global_topk_family_slice,proximity,pooled_calibration,5,0.3420158550396376,0.3117315784473702,0.3733400447427293,0.0,0.0,0.0,0.01642129105322765,0.0,-0.02095130237825593,-0.031968173729914895,-0.009837647076661817,0.0,0.0,0.0,0,1100
vlsat_closed_set,global_topk_family_slice,proximity,pooled_calibration,10,0.6251415628539071,0.5877447015830056,0.6635423233653734,0.0,0.0,0.0,0.009060022650056565,0.0,-0.009060022650056676,-0.019080758844538394,1.3858093126371705e-05,0.0,0.0,0.0,0,2537
vlsat_closed_set,global_topk_family_slice,proximity,pooled_calibration,20,0.8357870894677236,0.7956916556945358,0.8748480294599461,0.0,0.0,0.0,0.0045300113250282825,0.0,-0.006228765571913986,-0.011865078603374398,-0.0006088846816948962,0.0,0.0,0.0,0,4902
vlsat_closed_set,global_topk_family_slice,proximity,pooled_calibration,50,0.9297848244620611,0.8950310756811843,0.9605165572081148,0.0006887052341597796,9.952080817724416e-05,0.0013893161640772583,0.0022650056625140857,-0.0005942317045553097,-0.0011325028312570984,-0.0033484015460211068,0.0011185682326622093,0.0004996514483577189,9.952080817724416e-05,0.0010081743667702207,7,10164
vlsat_closed_set,global_topk_family_slice,proximity,pooled_calibration,100,0.9563986409966025,0.9270059888280159,0.9806552906784705,0.0038660560280735145,0.002680785475938679,0.00526065983609468,0.005662514156285492,-0.004551554339515657,-0.0022650056625140857,-0.005688562131956296,0.0,0.002940933160192624,0.0019002466642751815,0.004205263138118613,65,16813
vlsat_closed_set,global_topk_family_slice,proximity,geometry_only_family,5,0.02944507361268403,0.019446458603291885,0.04061220851137786,0.0,0.0,0.0,-0.29614949037372595,0.0,-0.33352208380520953,-0.3648847961511655,-0.30330503689962496,0.0,0.0,0.0,0,1465
vlsat_closed_set,global_topk_family_slice,proximity,geometry_only_family,10,0.07757644394110985,0.06098718530112003,0.09475851646393142,0.0,0.0,0.0,-0.5385050962627407,0.0,-0.5566251415628539,-0.5980712857240531,-0.5152762301959654,0.0,0.0,0.0,0,2858
vlsat_closed_set,global_topk_family_slice,proximity,geometry_only_family,20,0.17723669309173273,0.15370677688036347,0.2001231983019613,0.0,0.0,0.0,-0.6540203850509626,0.0,-0.6647791619479049,-0.706369587055957,-0.6213523825931856,0.0,0.0,0.0,0,5435
vlsat_closed_set,global_topk_family_slice,proximity,geometry_only_family,50,0.41845979614949036,0.3854378449760379,0.44936724643360854,0.0,0.0,0.0,-0.5090600226500567,-0.0012829369387150893,-0.5124575311438279,-0.5634239029608316,-0.4596846188341378,-0.0001890537858020607,-0.00048095999886544607,0.0,0,10641
vlsat_closed_set,global_topk_family_slice,proximity,geometry_only_family,100,0.6970554926387316,0.6634450336287947,0.7318804991201407,0.0001845585973546601,0.0,0.0004993276283726108,-0.2536806342015855,-0.008233051770234511,-0.26160815402038506,-0.3069184102876307,-0.21345510182529248,-0.0007405642705262303,-0.0013152396034909095,-0.00023206298890814266,3,16255
vlsat_closed_set,global_topk_family_slice,proximity,rank_average_fusion,5,0.2519818799546999,0.22398086052171368,0.2780999122622209,0.0,0.0,0.0,-0.07361268403171006,0.0,-0.11098527746319364,-0.14493246573991914,-0.0770033841612617,0.0,0.0,0.0,0,1527
vlsat_closed_set,global_topk_family_slice,proximity,rank_average_fusion,10,0.39977349943374857,0.36500637680944287,0.431848030174029,0.0,0.0,0.0,-0.21630804077010196,0.0,-0.2344280860702152,-0.273030156102624,-0.1965623716805126,0.0,0.0,0.0,0,2749
vlsat_closed_set,global_topk_family_slice,proximity,rank_average_fusion,20,0.5668176670441676,0.5282891358520272,0.6028286535963882,0.0,0.0,0.0,-0.26443941109852775,0.0,-0.27519818799547,-0.3132709683912545,-0.2363405465576814,0.0,0.0,0.0,0,4789
vlsat_closed_set,global_topk_family_slice,proximity,rank_average_fusion,50,0.8686296715741789,0.838702122837501,0.8978323474470735,0.0,0.0,0.0,-0.05889014722536812,-0.0012829369387150893,-0.0622876557191393,-0.08736822698434656,-0.038073765015779276,-0.0001890537858020607,-0.00048095999886544607,0.0,0,10308
vlsat_closed_set,global_topk_family_slice,proximity,rank_average_fusion,100,0.9750849377123443,0.958509576763295,0.990687115900046,0.0003823047515019115,0.0,0.0009339226355732001,0.024348810872027227,-0.00803530561608726,0.01642129105322765,0.00732663768730033,0.02784170092563863,-0.000542818116378979,-0.0010328744799363654,-0.00014243405862475242,7,18310
vlsat_closed_set,global_topk_family_slice,proximity,reciprocal_rank_fusion,5,0.2582106455266138,0.23054187852242097,0.2841060959061932,0.0,0.0,0.0,-0.06738391845979613,0.0,-0.10475651189127971,-0.13695752561221766,-0.07242235694663056,0.0,0.0,0.0,0,1473
vlsat_closed_set,global_topk_family_slice,proximity,reciprocal_rank_fusion,10,0.4292185730464326,0.3953476494762097,0.4615138430250159,0.0,0.0,0.0,-0.1868629671574179,0.0,-0.20498301245753114,-0.24339875278563267,-0.16957758566328548,0.0,0.0,0.0,0,2718
vlsat_closed_set,global_topk_family_slice,proximity,reciprocal_rank_fusion,20,0.6772366930917327,0.638761753848297,0.711997915941722,0.0,0.0,0.0,-0.1540203850509626,0.0,-0.16477916194790487,-0.19729514685120653,-0.13593311199961913,0.0,0.0,0.0,0,5104
vlsat_closed_set,global_topk_family_slice,proximity,reciprocal_rank_fusion,50,0.9173272933182333,0.8861771004050836,0.9476607766758534,0.0,0.0,0.0,-0.010192525481313774,-0.0012829369387150893,-0.013590033975084959,-0.02759310376580778,0.001166556873078627,-0.0001890537858020607,-0.00048095999886544607,0.0,0,11560
vlsat_closed_set,global_topk_family_slice,proximity,reciprocal_rank_fusion,100,0.977916194790487,0.9614503929174623,0.9918443051201672,0.0007250504945880159,0.0003069658632621139,0.0012995130725373433,0.027180067950169917,-0.007692559873001156,0.01925254813137034,0.006649544955120398,0.03446541310399681,-0.0002000723732928745,-0.0006930373039261045,0.00029119025683560653,14,19309
vlsat_closed_set,global_topk_family_slice,proximity,loglinear_family_lambda_0_5,5,0.355039637599094,0.32466505262644346,0.38637059937611407,0.0,0.0,0.0,0.02944507361268406,0.0,-0.007927519818799522,-0.012890059995444578,-0.0034167593118085596,0.0,0.0,0.0,0,1151
vlsat_closed_set,global_topk_family_slice,proximity,loglinear_family_lambda_0_5,10,0.6268403171007928,0.5902596569231636,0.665888835596222,0.0,0.0,0.0,0.010758776896942268,0.0,-0.007361268403170973,-0.012503622233930516,-0.002065156668221883,0.0,0.0,0.0,0,2601
vlsat_closed_set,global_topk_family_slice,proximity,loglinear_family_lambda_0_5,20,0.8397508493771234,0.80042071197411,0.8778781718823253,0.0,0.0,0.0,0.008493771234428071,0.0,-0.0022650056625141968,-0.004601403692290268,-0.0005330206868394,0.0,0.0,0.0,0,5031
vlsat_closed_set,global_topk_family_slice,proximity,loglinear_family_lambda_0_5,50,0.9297848244620611,0.8956190835737469,0.9602917694431286,0.0003828850387671102,0.0,0.0009764028240692935,0.0022650056625140857,-0.0009000518999479791,-0.0011325028312570984,-0.0029661305203722206,0.0,0.0001938312529650495,0.0,0.0004952703145498583,4,10447
vlsat_closed_set,global_topk_family_slice,proximity,loglinear_family_lambda_0_5,100,0.9552661381653454,0.9247070174459696,0.9806453563209423,0.0020030635088959586,0.0011241407221190664,0.0030349849855007796,0.0045300113250283935,-0.006414546858693213,-0.003397508493771184,-0.007391838546490756,-0.0005641766264913919,0.0010779406410150682,0.0004853709704453731,0.0018738678210995746,34,16974
vlsat_closed_set,global_topk_family_slice,proximity,loglinear_family_lambda_2_0,5,0.3708946772366931,0.34013316329130633,0.40208571820634065,0.0,0.0,0.0,0.04530011325028316,0.0,0.007927519818799578,0.001692529879474393,0.014035141236044128,0.0,0.0,0.0,0,1232
vlsat_closed_set,global_topk_family_slice,proximity,loglinear_family_lambda_2_0,10,0.6438278595696489,0.605053653702076,0.6818231064709938,0.0,0.0,0.0,0.02774631936579841,0.0,0.00962627406568517,0.005122710655304233,0.014476643489035693,0.0,0.0,0.0,0,2703
vlsat_closed_set,global_topk_family_slice,proximity,loglinear_family_lambda_2_0,20,0.8448471121177803,0.8058161779827039,0.8829822593204844,0.0,0.0,0.0,0.013590033975084959,0.0,0.0028312570781426905,0.0005655948820206036,0.005388774927295391,0.0,0.0,0.0,0,5165
vlsat_closed_set,global_topk_family_slice,proximity,loglinear_family_lambda_2_0,50,0.9314835787089468,0.8975011189148248,0.9621688907445725,9.329228472805298e-05,0.0,0.0002880820551010876,0.003963759909399789,-0.0011896446539870363,0.0005662514156286047,0.0,0.0017879494704823834,-9.57615010740077e-05,-0.000294535559838537,0.0,1,10719
vlsat_closed_set,global_topk_family_slice,proximity,loglinear_family_lambda_2_0,100,0.9637599093997735,0.9380360009523997,0.9854504778948541,0.00034090909090909094,5.677166608974676e-05,0.0007325284968045423,0.013023782559456465,-0.00807670127668008,0.005096262740656887,0.0011480727098453548,0.01066573663558072,-0.0005842137769717995,-0.001051457015623719,-0.00017632899857583482,6,17600
vlsat_closed_set,global_topk_family_slice,relative_vertical,semantic_only,5,0.14358974358974358,0.09554761904761905,0.20290539513677805,0.025157232704402517,0.005584290011664314,0.05387931034482756,,,0.0,-0.016219307542836955,0.015912004662004677,0.025157232704402517,0.005584290011664314,0.05387931034482756,4,159
vlsat_closed_set,global_topk_family_slice,relative_vertical,semantic_only,10,0.2564102564102564,0.19376264247092234,0.3235712577714012,0.038306451612903226,0.01628998745088358,0.06733602083612616,,,-0.0051282051282051655,-0.02174210026134478,0.011031454248366027,0.032503743682535724,0.01274968671679198,0.05610601074936065,19,496
vlsat_closed_set,global_topk_family_slice,relative_vertical,semantic_only,20,0.5487179487179488,0.4599678899082569,0.648625525210084,0.029522613065326633,0.018370679498011737,0.04367907375284749,,,-0.01025641025641022,-0.020348837209302254,-0.0024381449343339615,0.022434603614647365,0.01375049071044243,0.03355990348813979,47,1592
vlsat_closed_set,global_topk_family_slice,relative_vertical,semantic_only,50,0.9102564102564102,0.8644787700473059,0.9519784711522,0.045513654096228866,0.03805592406127174,0.05451783731072405,,,-0.002564102564102555,-0.011697626418988647,0.005952380952380931,0.02892597637111038,0.023446155706934372,0.03623926884792841,280,6152
vlsat_closed_set,global_topk_family_slice,relative_vertical,semantic_only,100,0.9743589743589743,0.9496768764026265,0.9933355263157895,0.10002803869339688,0.09151827583942916,0.10961822039930509,,,-0.00512820512820511,-0.013663708828395262,0.0,0.05699116774172772,0.051218458199344674,0.06264582876707556,1427,14266
vlsat_closed_set,global_topk_family_slice,relative_vertical,family_conditional_risk,5,0.14358974358974358,0.09389424703891709,0.20246020560437739,0.0,0.0,0.0,0.0,-0.025157232704402517,,,,,,,0,178
vlsat_closed_set,global_topk_family_slice,relative_vertical,family_conditional_risk,10,0.26153846153846155,0.1944404761904762,0.33335597826086955,0.005802707930367505,0.0,0.016227180527383367,0.0051282051282051655,-0.032503743682535724,,,,,,,3,517
vlsat_closed_set,global_topk_family_slice,relative_vertical,family_conditional_risk,20,0.558974358974359,0.47296057525415325,0.6576232805207566,0.0070880094506792675,0.0017397639654760648,0.014607425441265977,0.01025641025641022,-0.022434603614647365,,,,,,,12,1693
vlsat_closed_set,global_topk_family_slice,relative_vertical,family_conditional_risk,50,0.9128205128205128,0.867273449484988,0.9524211218229622,0.016587677725118485,0.012784959778803387,0.02111110780429871,0.002564102564102555,-0.02892597637111038,,,,,,,112,6752
vlsat_closed_set,global_topk_family_slice,relative_vertical,family_conditional_risk,100,0.9794871794871794,0.9549994075829383,0.9980102040816325,0.04303687095166916,0.03733545943340814,0.049011149748758635,0.00512820512820511,-0.05699116774172772,,,,,,,691,16056
vlsat_closed_set,global_topk_family_slice,relative_vertical,pooled_calibration,5,0.16923076923076924,0.11812572590011614,0.22988910474340293,0.0,0.0,0.0,0.02564102564102566,-0.025157232704402517,0.02564102564102566,0.00780658143939394,0.04790850990327037,0.0,0.0,0.0,0,208
vlsat_closed_set,global_topk_family_slice,relative_vertical,pooled_calibration,10,0.28717948717948716,0.2243705499166793,0.3583372641509434,0.014184397163120567,0.0017412683878179592,0.031531196554870085,0.03076923076923077,-0.02412205444978266,0.025641025641025605,0.0027436755952380864,0.05029632317368164,0.008381689232753061,0.0014806612243711745,0.017893263591129898,8,564
vlsat_closed_set,global_topk_family_slice,relative_vertical,pooled_calibration,20,0.5794871794871795,0.4925983242134063,0.672809850291468,0.010857142857142857,0.004257448195297058,0.019105959748296843,0.03076923076923077,-0.018665470208183776,0.02051282051282055,0.0,0.038461538461538436,0.0037691334064635894,0.0003337428132790871,0.008010558037869882,19,1750
vlsat_closed_set,global_topk_family_slice,relative_vertical,pooled_calibration,50,0.9282051282051282,0.8838336192109777,0.9642857142857143,0.026625927542557836,0.021734889794928696,0.03240627075163208,0.017948717948717996,-0.01888772655367103,0.015384615384615441,0.0020569620253164337,0.030058312245571598,0.010038249817439351,0.006609076191632545,0.013787962538682091,183,6873
vlsat_closed_set,global_topk_family_slice,relative_vertical,pooled_calibration,100,0.982051282051282,0.9627317604523964,0.9966693548387097,0.06830296268749225,0.06142450077308975,0.07612508147053652,0.007692307692307665,-0.03172507600590463,0.002564102564102555,-0.007408789386401338,0.015001884422110564,0.025266091735823094,0.021808228056968342,0.029141874976527343,1102,16134
vlsat_closed_set,global_topk_family_slice,relative_vertical,geometry_only_family,5,0.0,0.0,0.0,0.0,0.0,0.0,-0.14358974358974358,-0.025157232704402517,-0.14358974358974358,-0.20246020560437739,-0.0938942470389171,0.0,0.0,0.0,0,267
vlsat_closed_set,global_topk_family_slice,relative_vertical,geometry_only_family,10,0.007692307692307693,0.0,0.021090404271112882,0.0,0.0,0.0,-0.2487179487179487,-0.038306451612903226,-0.25384615384615383,-0.3238117699910153,-0.18660101147829536,-0.005802707930367505,-0.016227180527383367,0.0,0,680
vlsat_closed_set,global_topk_family_slice,relative_vertical,geometry_only_family,20,0.041025641025641026,0.011832579185520362,0.07432668133249529,0.0,0.0,0.0,-0.5076923076923078,-0.029522613065326633,-0.517948717948718,-0.6334023668639053,-0.4115000653908191,-0.0070880094506792675,-0.014607425441265977,-0.0017397639654760653,0,1811
vlsat_closed_set,global_topk_family_slice,relative_vertical,geometry_only_family,50,0.12564102564102564,0.0517130857648099,0.19697110510307536,0.0,0.0,0.0,-0.7846153846153846,-0.045513654096228866,-0.7871794871794872,-0.8782174556213017,-0.6946944962686568,-0.016587677725118485,-0.02111110780429871,-0.012784959778803387,0,6755
vlsat_closed_set,global_topk_family_slice,relative_vertical,geometry_only_family,100,0.47435897435897434,0.34457902050987155,0.5865587349397591,0.006480743691899071,0.003630220560419046,0.009962777969783837,-0.5,-0.0935472950014978,-0.5051282051282051,-0.6357424812030076,-0.3951674972314509,-0.03655612725977009,-0.041180488417114414,-0.0322424167271275,122,18825
vlsat_closed_set,global_topk_family_slice,relative_vertical,rank_average_fusion,5,0.02564102564102564,0.008161886376172092,0.04975153851595105,0.0,0.0,0.0,-0.11794871794871795,-0.025157232704402517,-0.11794871794871795,-0.1781662570224719,-0.06182796993930053,0.0,0.0,0.0,0,247
vlsat_closed_set,global_topk_family_slice,relative_vertical,rank_average_fusion,10,0.06923076923076923,0.036941285134743554,0.10132567496837788,0.0,0.0,0.0,-0.18717948717948715,-0.038306451612903226,-0.19230769230769232,-0.2698481116584565,-0.12182226642886543,-0.005802707930367505,-0.016227180527383367,0.0,0,617
vlsat_closed_set,global_topk_family_slice,relative_vertical,rank_average_fusion,20,0.22564102564102564,0.1510989010989011,0.2894736842105263,0.0,0.0,0.0,-0.32307692307692315,-0.029522613065326633,-0.33333333333333337,-0.4725620197126629,-0.2193798517378838,-0.0070880094506792675,-0.014607425441265977,-0.0017397639654760653,0,1772
vlsat_closed_set,global_topk_family_slice,relative_vertical,rank_average_fusion,50,0.6538461538461539,0.5591674629718107,0.7398156647596277,0.0014885382554331646,0.0004471322756162951,0.002795939786515929,-0.2564102564102564,-0.0440251158407957,-0.25897435897435894,-0.35984553478712367,-0.17339818266542406,-0.01509913946968532,-0.019384405375596984,-0.011440196776696554,10,6718
vlsat_closed_set,global_topk_family_slice,relative_vertical,rank_average_fusion,100,0.9666666666666667,0.9371848528356066,0.9884403052662423,0.015645765373927752,0.01188728996183576,0.01983377545781742,-0.007692307692307665,-0.08438227331946913,-0.012820512820512775,-0.043917443493806704,0.015008435582822091,-0.027391105577741406,-0.030938170265430893,-0.02411990174254365,259,16554
vlsat_closed_set,global_topk_family_slice,relative_vertical,reciprocal_rank_fusion,5,0.03333333333333333,0.014790723981900452,0.055215169781709234,0.0,0.0,0.0,-0.11025641025641025,-0.025157232704402517,-0.11025641025641025,-0.16668882978723407,-0.05599617993136137,0.0,0.0,0.0,0,222
vlsat_closed_set,global_topk_family_slice,relative_vertical,reciprocal_rank_fusion,10,0.08974358974358974,0.04947845123626374,0.12711986871754677,0.0,0.0,0.0,-0.16666666666666663,-0.038306451612903226,-0.1717948717948718,-0.24634103641456578,-0.10836772733324457,-0.005802707930367505,-0.016227180527383367,0.0,0,555
vlsat_closed_set,global_topk_family_slice,relative_vertical,reciprocal_rank_fusion,20,0.2282051282051282,0.15881256850566314,0.2867448692929596,0.002074688796680498,0.0,0.005894296620128559,-0.3205128205128206,-0.027447924268646135,-0.3307692307692308,-0.45,-0.2287423961914837,-0.00501332065399877,-0.009648953343951267,-0.0014529159067689697,3,1446
vlsat_closed_set,global_topk_family_slice,relative_vertical,reciprocal_rank_fusion,50,0.7564102564102564,0.6858003720012148,0.8284340659340659,0.0067605633802816905,0.0038237457230312828,0.010427561499166654,-0.15384615384615385,-0.038753090715947174,-0.1564102564102564,-0.21579796264855677,-0.09555430711610492,-0.009827114344836794,-0.013578655605788375,-0.006297538505884869,36,5325
vlsat_closed_set,global_topk_family_slice,relative_vertical,reciprocal_rank_fusion,100,0.982051282051282,0.9617433795712483,0.9958694483639051,0.021690503626381075,0.01727478042260204,0.026514992952622992,0.007692307692307665,-0.07833753506701581,0.002564102564102555,-0.014724037763253508,0.021633567268926374,-0.021346367325288083,-0.024715219479996806,-0.01799320660192923,320,14753
vlsat_closed_set,global_topk_family_slice,relative_vertical,loglinear_family_lambda_0_5,5,0.14358974358974358,0.09339700996677741,0.20194256756756757,0.005952380952380952,0.0,0.02150731028080761,0.0,-0.019204851752021565,0.0,-0.01034527425406467,0.010256410256410248,0.005952380952380952,0.0,0.02150731028080761,1,168
vlsat_closed_set,global_topk_family_slice,relative_vertical,loglinear_family_lambda_0_5,10,0.2564102564102564,0.19105410985212215,0.3272449133763094,0.013944223107569721,0.0018547769399669793,0.0314382928842179,0.0,-0.024362228505333504,-0.0051282051282051655,-0.016135642517186712,0.0051295336787564585,0.008141515177202217,0.00013137214952334736,0.019147770241782207,7,502
vlsat_closed_set,global_topk_family_slice,relative_vertical,loglinear_family_lambda_0_5,20,0.5538461538461539,0.46549348357317405,0.6544274395804833,0.010340632603406326,0.0031698795579286946,0.01963296077157567,0.00512820512820511,-0.01918198046192031,-0.00512820512820511,-0.012297110858626805,0.0,0.003252623152727058,0.0006958189057843495,0.006744630819384026,17,1644
vlsat_closed_set,global_topk_family_slice,relative_vertical,loglinear_family_lambda_0_5,50,0.9102564102564102,0.8644787700473059,0.9519784711522,0.02391606233605925,0.01902879685501461,0.02930276651991215,0.0,-0.021597591760169614,-0.002564102564102555,-0.011697626418988647,0.005952380952380931,0.007328384610940767,0.005188603994856258,0.00967994723002303,155,6481
vlsat_closed_set,global_topk_family_slice,relative_vertical,loglinear_family_lambda_0_5,100,0.9769230769230769,0.9521418959330143,0.9953057127813612,0.05989122600091737,0.05340199537066862,0.06725347698250356,0.002564102564102555,-0.04013681269247951,-0.002564102564102555,-0.008970298233291828,0.0,0.01685435504924821,0.014543814072310287,0.01948537277766843,914,15261
vlsat_closed_set,global_topk_family_slice,relative_vertical,loglinear_family_lambda_2_0,5,0.14358974358974358,0.09302205458389391,0.20280890804597698,0.0,0.0,0.0,0.0,-0.025157232704402517,0.0,-0.009526098901098895,0.011124031007751915,0.0,0.0,0.0,0,183
vlsat_closed_set,global_topk_family_slice,relative_vertical,loglinear_family_lambda_2_0,10,0.2641025641025641,0.19710771276595745,0.3354896313364055,0.0018656716417910447,0.0,0.006000300601202405,0.0076923076923077205,-0.03644077997111218,0.002564102564102555,-0.008303150713833628,0.01442377167630058,-0.00393703628857646,-0.0131309125055812,0.0,1,536
vlsat_closed_set,global_topk_family_slice,relative_vertical,loglinear_family_lambda_2_0,20,0.5615384615384615,0.47296057525415325,0.6615159161490682,0.004540295119182747,0.0005600996645187781,0.010813317409062087,0.012820512820512775,-0.024982317946143886,0.002564102564102555,0.0,0.008673055471047528,-0.0025477143314965207,-0.005235630440903496,-0.0006008554327098254,8,1762
vlsat_closed_set,global_topk_family_slice,relative_vertical,loglinear_family_lambda_2_0,50,0.9153846153846154,0.8690447295423024,0.9560499609679938,0.008074798130046749,0.005470302826149221,0.011196119489878184,0.00512820512820511,-0.037438855966182114,0.002564102564102555,0.0,0.008288443830570825,-0.008512879595071736,-0.011893273574156794,-0.005855724400042096,57,7059
vlsat_closed_set,global_topk_family_slice,relative_vertical,loglinear_family_lambda_2_0,100,0.982051282051282,0.9593738785885167,0.9981031128404669,0.02799578306196556,0.023625179735821032,0.032832293278798,0.007692307692307665,-0.07203225563143131,0.002564102564102555,0.0,0.008576441102756878,-0.015041087889703597,-0.017199900495726197,-0.012815767582610715,478,17074
open3dsg_ov_recovery,global_topk_family_slice,support_contact,semantic_only,5,0.07433920704845814,0.06166219839142091,0.08836354596765354,0.05938697318007663,0.03765236480073944,0.08316831683168317,,,-0.07488986784140969,-0.09317386017242772,-0.05641211271442798,-0.041756386538480975,-0.06565369709423896,-0.01760323144189562,31,522
open3dsg_ov_recovery,global_topk_family_slice,support_contact,semantic_only,10,0.1828193832599119,0.1615476489724576,0.2053489135807818,0.07417735638594534,0.05822523192383418,0.09175769894822149,,,-0.09196035242290748,-0.1189041095890411,-0.06687735424352947,-0.03541168470994506,-0.051571654218967686,-0.020085592747070887,133,1793
open3dsg_ov_recovery,global_topk_family_slice,support_contact,semantic_only,20,0.29955947136563876,0.2753477542616357,0.3259185232629605,0.08171941426547001,0.07083401815519734,0.09264477867449253,,,-0.17070484581497797,-0.2040488916298352,-0.13560966706717975,-0.014789413984931277,-0.02491276643897046,-0.004341423852603643,346,4234
open3dsg_ov_recovery,global_topk_family_slice,support_contact,semantic_only,50,0.625,0.5963365686324088,0.6549658016377672,0.06473182529520558,0.059820076606546764,0.06995935227909188,,,0.033590308370044064,0.0038225635463477307,0.06342617272856461,-0.003347437015957855,-0.008073230752329782,0.001465893497875995,910,14058
open3dsg_ov_recovery,global_topk_family_slice,support_contact,semantic_only,100,0.7213656387665198,0.6947566724639245,0.7464490125578713,0.04661665088498798,0.04326399190557493,0.04992744641837078,,,0.052312775330396466,0.03075818854379252,0.07446296436944617,-0.005855549273868256,-0.00896173973595832,-0.0026400086286053176,1280,27458
open3dsg_ov_recovery,global_topk_family_slice,support_contact,family_conditional_risk,5,0.14922907488986784,0.13092856331034,0.16835867780395514,0.1011433597185576,0.07793123206713581,0.12619688142994412,0.07488986784140969,0.041756386538480975,,,,,,,115,1137
open3dsg_ov_recovery,global_topk_family_slice,support_contact,family_conditional_risk,10,0.2747797356828194,0.25166070507188776,0.29903924781742247,0.1095890410958904,0.09273371473907374,0.12544411089116306,0.09196035242290748,0.03541168470994506,,,,,,,264,2409
open3dsg_ov_recovery,global_topk_family_slice,support_contact,family_conditional_risk,20,0.47026431718061673,0.4434537394426611,0.5,0.09650882825040129,0.08603227854818259,0.10706602945149298,0.17070484581497797,0.014789413984931277,,,,,,,481,4984
open3dsg_ov_recovery,global_topk_family_slice,support_contact,family_conditional_risk,50,0.5914096916299559,0.5620709900997363,0.6213549554161424,0.06807926231116343,0.06183699151486815,0.07501454412667205,-0.033590308370044064,0.003347437015957855,,,,,,,694,10194
open3dsg_ov_recovery,global_topk_family_slice,support_contact,family_conditional_risk,100,0.6690528634361234,0.642569333163724,0.6944615607987545,0.05247220015885624,0.04819945619699117,0.05677700832338642,-0.052312775330396466,0.005855549273868256,,,,,,,1057,20144
open3dsg_ov_recovery,global_topk_family_slice,support_contact,pooled_calibration,5,0.14537444933920704,0.127753446529435,0.16306887156344566,0.12738214643931794,0.10212645296223304,0.15496530775872702,0.0710352422907489,0.06799517325924131,-0.003854625550660795,-0.016767420189762478,0.009462024882339534,0.02623878672076034,0.013062820110508985,0.03891555957578121,127,997
open3dsg_ov_recovery,global_topk_family_slice,support_contact,pooled_calibration,10,0.2786343612334802,0.25498521510143285,0.30285150725541843,0.1390593047034765,0.11834458614653663,0.15912959165729607,0.09581497797356828,0.06488194831753115,0.003854625550660795,-0.013175071696421492,0.022081936017122182,0.02947026360758609,0.018649708364324256,0.03968437823308429,272,1956
open3dsg_ov_recovery,global_topk_family_slice,support_contact,pooled_calibration,20,0.43447136563876654,0.4075851311993595,0.46499280646110586,0.12223515715948778,0.10785375876378316,0.13693155246288238,0.13491189427312777,0.04051574289401777,-0.03579295154185019,-0.05088707008555386,-0.019074755455829664,0.025726328909086493,0.018710332028689262,0.03226988242101905,420,3436
open3dsg_ov_recovery,global_topk_family_slice,support_contact,pooled_calibration,50,0.5611233480176211,0.5338661202185792,0.5894426747821144,0.08634361233480176,0.07665642813905751,0.09615783062164507,-0.06387665198237891,0.02161178703959618,-0.030286343612334843,-0.04309542381312602,-0.016525538544912562,0.018264350023638326,0.012975468936109022,0.023787972472721797,588,6810
open3dsg_ov_recovery,global_topk_family_slice,support_contact,pooled_calibration,100,0.6662995594713657,0.6413929329509366,0.6928091255715142,0.06498816440714439,0.058883266709144996,0.07110191432344212,-0.05506607929515417,0.018371513522156407,-0.002753303964757703,-0.015255807826535822,0.010267383203697248,0.012515964248288151,0.009138444918651081,0.016208090485559302,906,13941
open3dsg_ov_recovery,global_topk_family_slice,support_contact,geometry_only_family,5,0.020374449339207047,0.014753695683298733,0.02699912723734852,0.0125,0.004461848877105427,0.022704992300082282,-0.0539647577092511,-0.04688697318007663,-0.1288546255506608,-0.14885729443776607,-0.10953734990064254,-0.08864335971855761,-0.11472574021168483,-0.06318627036128145,12,960
open3dsg_ov_recovery,global_topk_family_slice,support_contact,geometry_only_family,10,0.04790748898678414,0.03782533182184024,0.05702262297432955,0.023942944472745798,0.015598346324297801,0.03309839477262534,-0.13491189427312777,-0.05023441191319955,-0.22687224669603523,-0.2512821518767344,-0.2034353939602136,-0.08564609662314461,-0.1043438185677922,-0.06626076286324503,47,1963
open3dsg_ov_recovery,global_topk_family_slice,support_contact,geometry_only_family,20,0.12059471365638766,0.10562920689532479,0.1354429869482931,0.035,0.027466584182905086,0.04337727723665223,-0.1789647577092511,-0.04671941426547001,-0.34966960352422904,-0.37935347872187447,-0.3211314475873544,-0.061508828250401285,-0.07307573817850462,-0.050448144943866936,140,4000
open3dsg_ov_recovery,global_topk_family_slice,support_contact,geometry_only_family,50,0.3860132158590308,0.3611714661513812,0.41212644935013765,0.05060748110590261,0.04423115921953141,0.057322023085535925,-0.2389867841409692,-0.014124344189302966,-0.20539647577092512,-0.23332158352448873,-0.17707849130711942,-0.01747178120526082,-0.022284639010522293,-0.012905715950596853,529,10453
open3dsg_ov_recovery,global_topk_family_slice,support_contact,geometry_only_family,100,0.6084801762114538,0.5822560684650517,0.635511651194401,0.05036365447842981,0.04573657934692242,0.05491371858491998,-0.11288546255506604,0.003747003593441829,-0.060572687224669575,-0.07728106756764111,-0.04535346607669626,-0.002108545680426427,-0.004010678303430411,-0.0002661461439633224,1011,20074
open3dsg_ov_recovery,global_topk_family_slice,support_contact,rank_average_fusion,5,0.14922907488986784,0.1331836815180604,0.16507015322829838,0.08828671328671328,0.06701637407545313,0.10999805821872485,0.07488986784140969,0.02889974010663665,0.0,-0.017240094040283625,0.016343131360199614,-0.012856646431844324,-0.030517716076925556,0.004211250194616647,101,1144
open3dsg_ov_recovery,global_topk_family_slice,support_contact,rank_average_fusion,10,0.2907488986784141,0.2666657652785289,0.31325106312392553,0.09735202492211838,0.0828696952446309,0.11203075842370064,0.10792951541850218,0.023174668536173032,0.0159691629955947,-0.0038379830227713296,0.03452460399611346,-0.012237016173772028,-0.022405291907069916,-0.0026700630334152682,250,2568
open3dsg_ov_recovery,global_topk_family_slice,support_contact,rank_average_fusion,20,0.4487885462555066,0.4217771015692237,0.4758326810176125,0.0912912912912913,0.08121980120890977,0.10184626613363956,0.14922907488986786,0.009571877025821282,-0.021475770925110105,-0.03676982757147492,-0.006712575210311425,-0.005217536959109995,-0.009436093563223214,-0.0007126562832608154,456,4995
open3dsg_ov_recovery,global_topk_family_slice,support_contact,rank_average_fusion,50,0.6404185022026432,0.6122202828719865,0.6688785763061443,0.07486180080577157,0.06885131805863513,0.08154854450357246,0.01541850220264318,0.010129975510565992,0.049008810572687245,0.03345704989829376,0.06451612903225801,0.006782538494608137,0.0039241099440567515,0.009796092473779069,799,10673
open3dsg_ov_recovery,global_topk_family_slice,support_contact,rank_average_fusion,100,0.7566079295154186,0.7296386670610273,0.7795067366151524,0.058019233398660046,0.053855813454456954,0.06269001385731214,0.03524229074889873,0.011402582513672065,0.0875550660792952,0.0695840156514314,0.10572766772221813,0.005547033239803809,0.0031788433658906518,0.00803143019438963,1273,21941
open3dsg_ov_recovery,global_topk_family_slice,support_contact,reciprocal_rank_fusion,5,0.13986784140969163,0.12451474775286173,0.15544882320744388,0.08103294746215495,0.060749999528219106,0.10282761384891399,0.06552863436123349,0.021645974282078317,-0.009361233480176201,-0.02454345513954475,0.004341221885298374,-0.020110412256402657,-0.03478072007937876,-0.004847991840966544,91,1123
open3dsg_ov_recovery,global_topk_family_slice,support_contact,reciprocal_rank_fusion,10,0.2582599118942731,0.23768918803235883,0.2800469701642841,0.08727429062768702,0.07164961169238132,0.10192998651738208,0.07544052863436121,0.013096934241741673,-0.016519823788546273,-0.03294220255863794,-0.0005557191350041056,-0.022314750468203387,-0.03152577477556648,-0.012011501797799999,203,2326
open3dsg_ov_recovery,global_topk_family_slice,support_contact,reciprocal_rank_fusion,20,0.40583700440528636,0.3798772703725631,0.4310162695057195,0.08380013443871835,0.07323644238430818,0.09447163743396779,0.1062775330396476,0.0020807201732483405,-0.06442731277533037,-0.08504242994395764,-0.04432880455244669,-0.012708693811682936,-0.019888897286676994,-0.005397387689640072,374,4463
open3dsg_ov_recovery,global_topk_family_slice,support_contact,reciprocal_rank_fusion,50,0.6216960352422908,0.59427426438296,0.6491062874103634,0.07082075212736755,0.06455128148381234,0.07705589859205043,-0.0033039647577092213,0.006088926832161973,0.030286343612334843,0.008020855614973293,0.0530099677580491,0.002741489816204118,-0.001311005787529741,0.006797972864582151,774,10929
open3dsg_ov_recovery,global_topk_family_slice,support_contact,reciprocal_rank_fusion,100,0.7483480176211453,0.7204804092502254,0.7739572604596402,0.054629021667761,0.05054044988269905,0.058773094225348814,0.02698237885462551,0.008012370782773018,0.07929515418502198,0.061280039802376576,0.09875159499645127,0.002156821508904762,-0.00018695560469096978,0.004700544575081286,1248,22845
open3dsg_ov_recovery,global_topk_family_slice,support_contact,loglinear_family_lambda_0_5,5,0.15088105726872247,0.1326295675155291,0.16986327727864925,0.09991235758106924,0.07589956215430405,0.12350566137644688,0.07654185022026433,0.04052538440099261,0.0016519823788546384,-0.003882905117260898,0.006963228990610151,-0.0012310021374883628,-0.006166177719880461,0.0031941660957076944,114,1141
open3dsg_ov_recovery,global_topk_family_slice,support_contact,loglinear_family_lambda_0_5,10,0.2687224669603524,0.24529291463253727,0.29353335446948264,0.10887269609944278,0.09231822419691597,0.12575403568394222,0.0859030837004405,0.03469533971349743,-0.00605726872246698,-0.0128206915783603,0.0011126282636137461,-0.0007163449964476265,-0.004606961388983381,0.00302429458645006,254,2333
open3dsg_ov_recovery,global_topk_family_slice,support_contact,loglinear_family_lambda_0_5,20,0.47026431718061673,0.4426028918054836,0.5010835394763966,0.0977659356425497,0.08660574497261063,0.10880991998333618,0.17070484581497797,0.016046521377079695,0.0,-0.006507768835628533,0.0071957500963515,0.0012571073921484183,-0.0014239459615082903,0.003668432640344533,477,4879
open3dsg_ov_recovery,global_topk_family_slice,support_contact,loglinear_family_lambda_0_5,50,0.6051762114537445,0.5763123475464061,0.6340123927503072,0.06951924018407911,0.06365757703282589,0.07600946690220049,-0.01982378854625555,0.004787414888873534,0.013766519823788514,0.005688282138794132,0.022422503919359373,0.0014399778729156792,0.00017509365491109635,0.0027676656128809564,710,10213
open3dsg_ov_recovery,global_topk_family_slice,support_contact,loglinear_family_lambda_0_5,100,0.6855726872246696,0.6606824225573988,0.7111612019505099,0.053745683831256566,0.049402643455477596,0.058183946126799994,-0.03579295154185025,0.007129032946268585,0.016519823788546217,0.00827768985033695,0.025438460323469345,0.0012734836724003287,0.00035278903940598303,0.002201702995286452,1074,19983
open3dsg_ov_recovery,global_topk_family_slice,support_contact,loglinear_family_lambda_2_0,5,0.14977973568281938,0.13182063512913644,0.16879617855920784,0.10305676855895196,0.08055872041341612,0.1272571060867267,0.07544052863436124,0.04366979537887533,0.0005506607929515461,-0.00498926017040757,0.005728449076241006,0.0019134088403943567,-0.003554569329431407,0.007746054768837759,118,1145
open3dsg_ov_recovery,global_topk_family_slice,support_contact,loglinear_family_lambda_2_0,10,0.28634361233480177,0.2620560406786466,0.31101428303611184,0.10772357723577236,0.09112633250612795,0.12429514505020839,0.10352422907488987,0.033546220849827016,0.011563876651982385,0.004925906484696756,0.018153991308706142,-0.001865463860118044,-0.0060425853134526515,0.002167094939548894,265,2460
open3dsg_ov_recovery,global_topk_family_slice,support_contact,loglinear_family_lambda_2_0,20,0.46530837004405284,0.43826075737783043,0.4948500304277356,0.09540775930324624,0.08494356282310822,0.10618257163928163,0.16574889867841408,0.013688345037776231,-0.004955947136563887,-0.011886287499287117,0.0016261267232237197,-0.0011010689471550456,-0.0033877076372009606,0.0010029147936043538,482,5052
open3dsg_ov_recovery,global_topk_family_slice,support_contact,loglinear_family_lambda_2_0,50,0.5787444933920705,0.549108585042804,0.6098140924485602,0.06710692434689715,0.06088466953301934,0.07392918215770451,-0.04625550660792954,0.002375099051691573,-0.012665198237885478,-0.01970999701570199,-0.006124296511836411,-0.0009723379642662816,-0.0020326638925274197,0.00020707876674730432,691,10297
open3dsg_ov_recovery,global_topk_family_slice,support_contact,loglinear_family_lambda_2_0,100,0.6613436123348018,0.6346308740040668,0.6877778752778753,0.052176900800078536,0.04782931908574575,0.05642100923919645,-0.060022026431718056,0.005560249915090555,-0.00770925110132159,-0.014628977419026098,-0.0011018526927617511,-0.00029529935877770086,-0.001024764049215092,0.0004888927107032837,1063,20373
open3dsg_ov_recovery,global_topk_family_slice,proximity,semantic_only,5,0.00622876557191393,0.002282781086250058,0.01082217255435795,0.04838709677419355,0.01,0.09651797175866493,,,-0.06058890147225368,-0.07662243423308675,-0.04652322014552718,0.04838709677419355,0.01,0.09651797175866493,6,124
open3dsg_ov_recovery,global_topk_family_slice,proximity,semantic_only,10,0.03737259343148358,0.026935272002536575,0.04846685684852807,0.032981530343007916,0.020106439698467107,0.04824195199635991,,,-0.11041902604756512,-0.13321294336451217,-0.08972281109147007,0.032981530343007916,0.020106439698467107,0.04824195199635991,25,758
open3dsg_ov_recovery,global_topk_family_slice,proximity,semantic_only,20,0.13873159682899208,0.11821247304231426,0.16123723409884644,0.05121293800539083,0.03849726134377087,0.0648743902614157,,,-0.10645526613816533,-0.1295701827242525,-0.0850934274343987,0.05121293800539083,0.03849726134377087,0.0648743902614157,152,2968
open3dsg_ov_recovery,global_topk_family_slice,proximity,semantic_only,50,0.2650056625141563,0.23504203975250157,0.2978113947408888,0.06252923748635585,0.05070845814974913,0.07597015376425094,,,-0.13080407701019253,-0.1550454802390236,-0.10765398825025742,0.06252923748635585,0.05070845814974913,0.07597015376425094,401,6413
open3dsg_ov_recovery,global_topk_family_slice,proximity,semantic_only,100,0.3714609286523216,0.33258128119454483,0.4090488521836506,0.046778863554107854,0.038495665178178325,0.056406192237230465,,,-0.21347678369195922,-0.24648833637115916,-0.18181320867316486,0.046189202281749865,0.037859360094887606,0.055763849479234746,517,11052
open3dsg_ov_recovery,global_topk_family_slice,proximity,family_conditional_risk,5,0.06681766704416761,0.052240789997017006,0.08237343665967162,0.0,0.0,0.0,0.06058890147225368,-0.04838709677419355,,,,,,,0,706
open3dsg_ov_recovery,global_topk_family_slice,proximity,family_conditional_risk,10,0.1477916194790487,0.12414907660422689,0.173334451901566,0.0,0.0,0.0,0.11041902604756512,-0.032981530343007916,,,,,,,0,1615
open3dsg_ov_recovery,global_topk_family_slice,proximity,family_conditional_risk,20,0.24518686296715742,0.2165527270279474,0.2775126514558045,0.0,0.0,0.0,0.10645526613816533,-0.05121293800539083,,,,,,,0,3236
open3dsg_ov_recovery,global_topk_family_slice,proximity,family_conditional_risk,50,0.39580973952434884,0.3588324465754225,0.4336268102224919,0.0,0.0,0.0,0.13080407701019253,-0.06252923748635585,,,,,,,0,8662
open3dsg_ov_recovery,global_topk_family_slice,proximity,family_conditional_risk,100,0.5849377123442808,0.546983758700696,0.6235381386597192,0.0005896612723579899,0.0001304304032695797,0.0011397005880191297,0.21347678369195922,-0.046189202281749865,,,,,,,9,15263
open3dsg_ov_recovery,global_topk_family_slice,proximity,pooled_calibration,5,0.03397508493771234,0.024558991905421237,0.043350038128410304,0.0,0.0,0.0,0.02774631936579841,-0.04838709677419355,-0.03284258210645527,-0.04555558680164979,-0.020464234169426495,0.0,0.0,0.0,0,324
open3dsg_ov_recovery,global_topk_family_slice,proximity,pooled_calibration,10,0.061155152887882216,0.04735045733731524,0.07745704440068601,0.0,0.0,0.0,0.023782559456398636,-0.032981530343007916,-0.08663646659116649,-0.10500043757292883,-0.06862547438330172,0.0,0.0,0.0,0,682
open3dsg_ov_recovery,global_topk_family_slice,proximity,pooled_calibration,20,0.11381653454133635,0.09614583333333333,0.1330776566684628,0.0,0.0,0.0,-0.024915062287655734,-0.05121293800539083,-0.13137032842582108,-0.15454689249720047,-0.10849558649483856,0.0,0.0,0.0,0,1617
open3dsg_ov_recovery,global_topk_family_slice,proximity,pooled_calibration,50,0.2536806342015855,0.2258113348936155,0.28091490641564065,0.0,0.0,0.0,-0.011325028312570817,-0.06252923748635585,-0.14212910532276335,-0.1692232184406464,-0.11323676734113157,0.0,0.0,0.0,0,5422
open3dsg_ov_recovery,global_topk_family_slice,proximity,pooled_calibration,100,0.5,0.46315251686517545,0.5367446142351413,0.003246753246753247,0.0013863216266173752,0.005500194449677813,0.1285390713476784,-0.043532110307354606,-0.08493771234428082,-0.10855318104559844,-0.059631230048028616,0.002657091974395257,0.0011301403311680994,0.004529689359888571,35,10780
open3dsg_ov_recovery,global_topk_family_slice,proximity,geometry_only_family,5,0.03284258210645526,0.02176347640033212,0.04499038815885476,0.0,0.0,0.0,0.026613816534541333,-0.04838709677419355,-0.03397508493771235,-0.05144614489226333,-0.016848788487198996,0.0,0.0,0.0,0,1599
open3dsg_ov_recovery,global_topk_family_slice,proximity,geometry_only_family,10,0.09229898074745187,0.07454129120960643,0.11086601307189542,0.0,0.0,0.0,0.054926387315968286,-0.032981530343007916,-0.055492638731596836,-0.08468336898689047,-0.026716829649586726,0.0,0.0,0.0,0,3020
open3dsg_ov_recovery,global_topk_family_slice,proximity,geometry_only_family,20,0.18742921857304642,0.16298050101679054,0.21460395730213488,0.0,0.0,0.0,0.04869762174405434,-0.05121293800539083,-0.05775764439411099,-0.09745431443760955,-0.021093727895198484,0.0,0.0,0.0,0,5479
open3dsg_ov_recovery,global_topk_family_slice,proximity,geometry_only_family,50,0.42638731596828994,0.3904761127208816,0.46594072594072594,0.0,0.0,0.0,0.16138165345413363,-0.06252923748635585,0.0305775764439411,-0.008151653139895033,0.07031133163463636,0.0,0.0,0.0,0,10023
open3dsg_ov_recovery,global_topk_family_slice,proximity,geometry_only_family,100,0.6342015855039638,0.5960287827459018,0.6704697276261498,0.0005389746008219363,6.774895794643225e-05,0.0011008006636566315,0.26274065685164216,-0.046239888953285915,0.04926387315968295,0.013625673138540106,0.08468976899741398,-5.0686671536053635e-05,-0.00019013093016618344,3.1110601358430004e-05,8,14843
open3dsg_ov_recovery,global_topk_family_slice,proximity,rank_average_fusion,5,0.079841449603624,0.06516229712858926,0.09572612256726251,0.0,0.0,0.0,0.07361268403171008,-0.04838709677419355,0.013023782559456396,-0.0010721310446324649,0.026261222969108298,0.0,0.0,0.0,0,997
open3dsg_ov_recovery,global_topk_family_slice,proximity,rank_average_fusion,10,0.13137032842582105,0.10968757632475594,0.15324347665247712,0.0,0.0,0.0,0.09399773499433747,-0.032981530343007916,-0.01642129105322765,-0.032584251628417334,0.0,0.0,0.0,0.0,0,1788
open3dsg_ov_recovery,global_topk_family_slice,proximity,rank_average_fusion,20,0.21630804077010193,0.18734491030454734,0.2472559454515217,0.0,0.0,0.0,0.07757644394110985,-0.05121293800539083,-0.02887882219705548,-0.04562150055991039,-0.011390529214853385,0.0,0.0,0.0,0,3525
open3dsg_ov_recovery,global_topk_family_slice,proximity,rank_average_fusion,50,0.37882219705549264,0.3408897649969078,0.41481529519508686,0.0005349309939017867,0.0,0.0012272088634316264,0.11381653454133633,-0.06199430649245406,-0.016987542468856198,-0.030911175751416692,-0.003406281218781229,0.0005349309939017867,0.0,0.0012272088634316264,5,9347
open3dsg_ov_recovery,global_topk_family_slice,proximity,rank_average_fusion,100,0.5079275198187996,0.46832357415540055,0.5487671579350323,0.0028899918326317775,0.0015709423424218685,0.004444594228723385,0.13646659116647797,-0.043888871721476076,-0.07701019252548125,-0.10104102161747378,-0.05478214273061161,0.0023003305602737876,0.0012247756306730984,0.0036269504383974124,46,15917
open3dsg_ov_recovery,global_topk_family_slice,proximity,reciprocal_rank_fusion,5,0.07644394110985278,0.062031976507056046,0.09106749811378553,0.0,0.0,0.0,0.07021517553793885,-0.04838709677419355,0.00962627406568517,-0.0032369502519623517,0.02176857401728463,0.0,0.0,0.0,0,996
open3dsg_ov_recovery,global_topk_family_slice,proximity,reciprocal_rank_fusion,10,0.12344280860702152,0.1037720400428442,0.1438694923110481,0.0,0.0,0.0,0.08607021517553794,-0.032981530343007916,-0.024348810872027185,-0.041488060681020775,-0.007342444694365445,0.0,0.0,0.0,0,1986
open3dsg_ov_recovery,global_topk_family_slice,proximity,reciprocal_rank_fusion,20,0.19988674971687428,0.1730277181097158,0.2281931768699624,0.0,0.0,0.0,0.0611551528878822,-0.05121293800539083,-0.04530011325028313,-0.06394379980650254,-0.02640125689215627,0.0,0.0,0.0,0,3964
open3dsg_ov_recovery,global_topk_family_slice,proximity,reciprocal_rank_fusion,50,0.3895809739524349,0.3531652619331404,0.42417681582717953,0.005608058988472323,0.003628167516828896,0.007901819042831545,0.1245753114382786,-0.05692117849788352,-0.00622876557191393,-0.027685969868173246,0.015258229543605688,0.005608058988472323,0.003628167516828896,0.007901819042831545,54,9629
open3dsg_ov_recovery,global_topk_family_slice,proximity,reciprocal_rank_fusion,100,0.5645526613816535,0.5255327451856263,0.6022922449687717,0.022390891840607212,0.017858289392435982,0.027611329174784337,0.1930917327293319,-0.024387971713500642,-0.020385050962627327,-0.04260581424597264,0.0025388961911021013,0.021801230568249223,0.017278225011391254,0.02688689015441288,354,15810
open3dsg_ov_recovery,global_topk_family_slice,proximity,loglinear_family_lambda_0_5,5,0.06511891279728199,0.050920893458912986,0.07970859277708592,0.0,0.0,0.0,0.05889014722536806,-0.04838709677419355,-0.0016987542468856198,-0.006611425456810635,0.003216747577916477,0.0,0.0,0.0,0,684
open3dsg_ov_recovery,global_topk_family_slice,proximity,loglinear_family_lambda_0_5,10,0.15402038505096263,0.12969576446280992,0.17970841044988609,0.0,0.0,0.0,0.11664779161947905,-0.032981530343007916,0.00622876557191393,0.0,0.013143609883816076,0.0,0.0,0.0,0,1650
open3dsg_ov_recovery,global_topk_family_slice,proximity,loglinear_family_lambda_0_5,20,0.2548131370328426,0.22632341022652683,0.2873502112084634,0.0,0.0,0.0,0.1160815402038505,-0.05121293800539083,0.00962627406568517,0.001204622073550995,0.018366950371147644,0.0,0.0,0.0,0,3282
open3dsg_ov_recovery,global_topk_family_slice,proximity,loglinear_family_lambda_0_5,50,0.38391845979614947,0.34772243171626577,0.4224180582875035,0.0,0.0,0.0,0.11891279728199317,-0.06252923748635585,-0.011891279728199367,-0.021857004348337077,-0.0025606060606060553,0.0,0.0,0.0,0,8385
open3dsg_ov_recovery,global_topk_family_slice,proximity,loglinear_family_lambda_0_5,100,0.5617214043035108,0.5225020055361613,0.6013074094137822,0.0005873906800678763,0.00012984020562202883,0.001136523415426907,0.1902604756511892,-0.04619147287403998,-0.023216308040770017,-0.03629055866132806,-0.011956632948534877,-2.270592290113619e-06,-7.089479766788316e-06,7.587138525294864e-07,9,15322
open3dsg_ov_recovery,global_topk_family_slice,proximity,loglinear_family_lambda_2_0,5,0.06795016987542468,0.053611840919489236,0.08387683404381878,0.0,0.0,0.0,0.06172140430351075,-0.04838709677419355,0.0011325028312570706,-0.002381308810949535,0.005173011069522978,0.0,0.0,0.0,0,718
open3dsg_ov_recovery,global_topk_family_slice,proximity,loglinear_family_lambda_2_0,10,0.14156285390713477,0.11937553039797116,0.16623676787374103,0.0,0.0,0.0,0.10419026047565119,-0.032981530343007916,-0.00622876557191393,-0.011249719940038292,-0.0016719170834936503,0.0,0.0,0.0,0,1606
open3dsg_ov_recovery,global_topk_family_slice,proximity,loglinear_family_lambda_2_0,20,0.23159682899207248,0.20324485680495386,0.26264483410692796,0.0,0.0,0.0,0.0928652321630804,-0.05121293800539083,-0.01359003397508493,-0.021949343483069393,-0.005039193729003382,0.0,0.0,0.0,0,3266
open3dsg_ov_recovery,global_topk_family_slice,proximity,loglinear_family_lambda_2_0,50,0.40203850509626277,0.36484659090909094,0.43891556318494995,0.0,0.0,0.0,0.13703284258210646,-0.06252923748635585,0.00622876557191393,-0.003921617672902007,0.017414527794588915,0.0,0.0,0.0,0,8914
open3dsg_ov_recovery,global_topk_family_slice,proximity,loglinear_family_lambda_2_0,100,0.6030577576443941,0.564741007069986,0.6441697375771321,0.0005260735187742487,6.614798612749021e-05,0.0010767977782511903,0.23159682899207246,-0.046252790035333606,0.01812004530011324,0.0072343649164690275,0.029417099366953553,-6.358775358374124e-05,-0.00019769455571817007,5.427948548111692e-06,8,15207
open3dsg_ov_recovery,global_topk_family_slice,relative_vertical,semantic_only,5,0.0,0.0,0.0,0.6537726838586437,0.6292439572731081,0.6784942299608098,,,-0.005128205128205128,-0.017762237762237763,0.0,0.6537726838586437,0.6292439572731081,0.6784942299608098,1369,2094
open3dsg_ov_recovery,global_topk_family_slice,relative_vertical,semantic_only,10,0.0,0.0,0.0,0.5551382724479345,0.5329148419433757,0.5766728803252502,,,-0.007692307692307693,-0.02108433734939759,0.0,0.5551382724479345,0.5329148419433757,0.5766728803252502,1626,2929
open3dsg_ov_recovery,global_topk_family_slice,relative_vertical,semantic_only,20,0.005128205128205128,0.0,0.017762237762237752,0.47755211117049706,0.45941676007250515,0.4947171582971469,,,-0.04615384615384615,-0.08110719415067241,-0.014766381236038722,0.476817896779895,0.4589795375291756,0.49453536178611746,1787,3742
open3dsg_ov_recovery,global_topk_family_slice,relative_vertical,semantic_only,50,0.06153846153846154,0.029739525771124282,0.1024848602484472,0.36756108529455855,0.35463873453602285,0.38027005384628704,,,-0.1358974358974359,-0.1926938959865789,-0.08534523388712151,0.35754418932545406,0.34441733401126656,0.37116597881418245,2452,6671
open3dsg_ov_recovery,global_topk_family_slice,relative_vertical,semantic_only,100,0.2153846153846154,0.15167766209669106,0.28453435195220594,0.32975354536692825,0.3197812615462121,0.34030511928058427,,,-0.17948717948717946,-0.2589603972928727,-0.10522898154477105,0.2877205315828225,0.27560650358773836,0.29896773674764676,4790,14526
open3dsg_ov_recovery,global_topk_family_slice,relative_vertical,family_conditional_risk,5,0.005128205128205128,0.0,0.017762237762237752,0.0,0.0,0.0,0.005128205128205128,-0.6537726838586437,,,,,,,0,897
open3dsg_ov_recovery,global_topk_family_slice,relative_vertical,family_conditional_risk,10,0.007692307692307693,0.0,0.02108433734939759,0.0,0.0,0.0,0.007692307692307693,-0.5551382724479345,,,,,,,0,1456
open3dsg_ov_recovery,global_topk_family_slice,relative_vertical,family_conditional_risk,20,0.05128205128205128,0.020434944237918216,0.09025464425628711,0.0007342143906020558,0.0,0.002271244185454335,0.04615384615384615,-0.476817896779895,,,,,,,2,2724
open3dsg_ov_recovery,global_topk_family_slice,relative_vertical,family_conditional_risk,50,0.19743589743589743,0.1404642857142857,0.2564189189189189,0.010016895969104513,0.005705990024021457,0.014824932878681146,0.1358974358974359,-0.35754418932545406,,,,,,,83,8286
open3dsg_ov_recovery,global_topk_family_slice,relative_vertical,family_conditional_risk,100,0.39487179487179486,0.31287384969325155,0.472798656047785,0.04203301378410573,0.03433941699818067,0.05027698615765699,0.17948717948717946,-0.2877205315828225,,,,,,,741,17629
open3dsg_ov_recovery,global_topk_family_slice,relative_vertical,pooled_calibration,5,0.010256410256410256,0.0,0.025284469624833363,0.03171247357293869,0.022102563625504012,0.042245755807767606,0.010256410256410256,-0.622060210285705,0.005128205128205128,0.0,0.014534883720930232,0.03171247357293869,0.022102563625504012,0.042245755807767606,45,1419
open3dsg_ov_recovery,global_topk_family_slice,relative_vertical,pooled_calibration,10,0.035897435897435895,0.014700554134697357,0.0603448275862069,0.0390570021111893,0.031500286220844054,0.04740220558829679,0.035897435897435895,-0.5160812703367451,0.028205128205128202,0.008849557522123894,0.05091984577922076,0.0390570021111893,0.031500286220844054,0.04740220558829679,111,2842
open3dsg_ov_recovery,global_topk_family_slice,relative_vertical,pooled_calibration,20,0.11282051282051282,0.07457996883411248,0.1554606541450777,0.050246138176879986,0.04436972877947145,0.05623724522589636,0.1076923076923077,-0.42730597299361706,0.06153846153846154,0.019699627538147305,0.10645886190648786,0.04951192378627793,0.04341446247994346,0.05561542360785148,296,5891
open3dsg_ov_recovery,global_topk_family_slice,relative_vertical,pooled_calibration,50,0.28717948717948716,0.2160183403228586,0.3683270720147959,0.07095908786049632,0.06561641696082933,0.07689738692976801,0.22564102564102562,-0.29660199743406224,0.08974358974358973,0.05128048780487803,0.13547801991861208,0.0609421918913918,0.05573177245282035,0.0664370663055111,1058,14910
open3dsg_ov_recovery,global_topk_family_slice,relative_vertical,pooled_calibration,100,0.46153846153846156,0.37734966199172637,0.5396637008461922,0.11873565248101713,0.1127179557153885,0.12580178938927813,0.24615384615384617,-0.2110178928859111,0.06666666666666671,0.01538071065989848,0.13107180512234767,0.0767026386969114,0.07040132543137623,0.08255264379101274,3362,28315
open3dsg_ov_recovery,global_topk_family_slice,relative_vertical,geometry_only_family,5,0.0,0.0,0.0,0.0,0.0,0.0,0.0,-0.6537726838586437,-0.005128205128205128,-0.017762237762237763,0.0,0.0,0.0,0.0,0,181
open3dsg_ov_recovery,global_topk_family_slice,relative_vertical,geometry_only_family,10,0.005128205128205128,0.0,0.01809954751131222,0.0,0.0,0.0,0.005128205128205128,-0.5551382724479345,-0.0025641025641025645,-0.01818458980044346,0.012296346893341428,0.0,0.0,0.0,0,497
open3dsg_ov_recovery,global_topk_family_slice,relative_vertical,geometry_only_family,20,0.03333333333333333,0.010413981958762886,0.06367962083884149,0.0013651877133105802,0.0,0.004307327895635814,0.028205128205128206,-0.4761869234571865,-0.017948717948717947,-0.06061529933481153,0.021990369181380403,0.0006309733227085245,0.0,0.0020509391376168137,2,1465
open3dsg_ov_recovery,global_topk_family_slice,relative_vertical,geometry_only_family,50,0.18461538461538463,0.10319414072549525,0.25989667982354303,0.012751275127512752,0.007320451455187279,0.018799784189657286,0.12307692307692308,-0.3548098101670458,-0.012820512820512803,-0.083881751687922,0.039914806636428726,0.0027343791584082382,0.0015321697407860032,0.004224368531341688,85,6666
open3dsg_ov_recovery,global_topk_family_slice,relative_vertical,geometry_only_family,100,0.3128205128205128,0.2289174014880132,0.39238433774472276,0.04128263149180418,0.03361383079759052,0.04963106802419005,0.09743589743589742,-0.2884709138751241,-0.08205128205128204,-0.15002747252747256,-0.019911229251970267,-0.0007503822923015518,-0.001502690247117995,-6.768558675956122e-06,748,18119
open3dsg_ov_recovery,global_topk_family_slice,relative_vertical,rank_average_fusion,5,0.010256410256410256,0.0,0.02469596462133775,0.0,0.0,0.0,0.010256410256410256,-0.6537726838586437,0.005128205128205128,0.0,0.015707836913056026,0.0,0.0,0.0,0,599
open3dsg_ov_recovery,global_topk_family_slice,relative_vertical,rank_average_fusion,10,0.02564102564102564,0.004772830391024584,0.05298436929655316,0.0026690391459074734,0.0,0.006266786034019696,0.02564102564102564,-0.552469233302027,0.017948717948717947,0.0,0.045717716781035554,0.0026690391459074734,0.0,0.006266786034019696,3,1124
open3dsg_ov_recovery,global_topk_family_slice,relative_vertical,rank_average_fusion,20,0.04871794871794872,0.01922554347826087,0.08610826749749634,0.010726072607260726,0.0056429762834714235,0.016420378532538242,0.04358974358974359,-0.46682603856323635,-0.002564102564102562,-0.01891891891891892,0.01276869692265546,0.00999185821665867,0.004951860420502241,0.0152257751558084,26,2424
open3dsg_ov_recovery,global_topk_family_slice,relative_vertical,rank_average_fusion,50,0.12307692307692308,0.0749969806763285,0.172438708391469,0.042403819151923615,0.03493557454230674,0.04979349125054198,0.06153846153846154,-0.32515726614263496,-0.07435897435897434,-0.11310569498069496,-0.0382546194153337,0.032386923182819105,0.02701918062103147,0.038156804186546156,302,7122
open3dsg_ov_recovery,global_topk_family_slice,relative_vertical,rank_average_fusion,100,0.34102564102564104,0.2670588193006671,0.41421743697478997,0.09909078930030307,0.09147863249755477,0.10769682766116433,0.12564102564102564,-0.23066275606662517,-0.05384615384615382,-0.0871802325581395,-0.022825245724015175,0.05705777551619734,0.05123303058856757,0.06304939176274992,1504,15178
open3dsg_ov_recovery,global_topk_family_slice,relative_vertical,reciprocal_rank_fusion,5,0.005128205128205128,0.0,0.017762237762237752,0.001610305958132045,0.0,0.005086714898334255,0.005128205128205128,-0.6521623779005117,0.0,0.0,0.0,0.001610305958132045,0.0,0.005086714898334255,1,621
open3dsg_ov_recovery,global_topk_family_slice,relative_vertical,reciprocal_rank_fusion,10,0.005128205128205128,0.0,0.017762237762237752,0.018835616438356163,0.01021211573890113,0.02957540014754275,0.005128205128205128,-0.5363026560095783,-0.0025641025641025645,-0.008523944805194805,0.0,0.018835616438356163,0.01021211573890113,0.02957540014754275,22,1168
open3dsg_ov_recovery,global_topk_family_slice,relative_vertical,reciprocal_rank_fusion,20,0.02564102564102564,0.006799319727891156,0.04878223997757219,0.12872467222884387,0.11366201848884873,0.14452762100520253,0.020512820512820513,-0.3488274389416532,-0.02564102564102564,-0.048572420634920635,-0.0067523115220483685,0.1279904578382418,0.1130907363561367,0.1439333494544386,324,2517
open3dsg_ov_recovery,global_topk_family_slice,relative_vertical,reciprocal_rank_fusion,50,0.08974358974358974,0.0474108807082945,0.13853625259875257,0.264277035236938,0.25209741065685476,0.27639724753302564,0.028205128205128202,-0.10328405005762054,-0.10769230769230768,-0.16587783988268548,-0.05778872976159665,0.25426013926783353,0.24226818031470085,0.2665988283497586,1740,6584
open3dsg_ov_recovery,global_topk_family_slice,relative_vertical,reciprocal_rank_fusion,100,0.2692307692307692,0.19359722354737144,0.3400022522522523,0.17940337945900842,0.17156750901505238,0.18730095193034843,0.05384615384615382,-0.15035016590791983,-0.12564102564102564,-0.1926369225037258,-0.06616978609625673,0.13737036567490268,0.1292074198943224,0.1462963537379745,2580,14381
open3dsg_ov_recovery,global_topk_family_slice,relative_vertical,loglinear_family_lambda_0_5,5,0.005128205128205128,0.0,0.017762237762237752,0.0,0.0,0.0,0.005128205128205128,-0.6537726838586437,0.0,0.0,0.0,0.0,0.0,0.0,0,915
open3dsg_ov_recovery,global_topk_family_slice,relative_vertical,loglinear_family_lambda_0_5,10,0.010256410256410256,0.0,0.024138347492920206,0.0,0.0,0.0,0.010256410256410256,-0.5551382724479345,0.0025641025641025637,-0.006537022703818369,0.012137402320625146,0.0,0.0,0.0,0,1497
open3dsg_ov_recovery,global_topk_family_slice,relative_vertical,loglinear_family_lambda_0_5,20,0.046153846153846156,0.015870927318295737,0.0843320731413423,0.0007186489399928135,0.0,0.0022214612329563028,0.041025641025641026,-0.47683346223050427,-0.005128205128205124,-0.012823834196891188,0.0,-1.556545060924224e-05,-5.714026823299448e-05,0.0,2,2783
open3dsg_ov_recovery,global_topk_family_slice,relative_vertical,loglinear_family_lambda_0_5,50,0.21025641025641026,0.14822331587502258,0.2735297414930098,0.009831460674157303,0.005527126183055438,0.014541368546010635,0.14871794871794872,-0.35772962462040125,0.01282051282051283,-0.00645196051167966,0.035304621848739524,-0.00018543529494721017,-0.0004116648135154258,5.7547772986949124e-05,84,8544
open3dsg_ov_recovery,global_topk_family_slice,relative_vertical,loglinear_family_lambda_0_5,100,0.40512820512820513,0.32101739030478194,0.48618073187969535,0.041622017934690655,0.033928337533664026,0.049869506473452216,0.18974358974358974,-0.2881315274322376,0.010256410256410275,-0.0026462099991511473,0.026193609022556352,-0.0004109958494150773,-0.000769516410430873,-4.126571605842688e-05,738,17731
open3dsg_ov_recovery,global_topk_family_slice,relative_vertical,loglinear_family_lambda_2_0,5,0.005128205128205128,0.0,0.017762237762237752,0.0,0.0,0.0,0.005128205128205128,-0.6537726838586437,0.0,0.0,0.0,0.0,0.0,0.0,0,877
open3dsg_ov_recovery,global_topk_family_slice,relative_vertical,loglinear_family_lambda_2_0,10,0.010256410256410256,0.0,0.025125979057297663,0.0,0.0,0.0,0.010256410256410256,-0.5551382724479345,0.0025641025641025637,0.0,0.009259259259259259,0.0,0.0,0.0,0,1414
open3dsg_ov_recovery,global_topk_family_slice,relative_vertical,loglinear_family_lambda_2_0,20,0.05641025641025641,0.023326036866359447,0.09253720138796208,0.0007616146230007616,0.0,0.002362204724409449,0.05128205128205128,-0.4767904965474963,0.005128205128205131,-0.006279503272181092,0.017621145374449337,2.7400232398705872e-05,0.0,9.469067411627867e-05,2,2626
open3dsg_ov_recovery,global_topk_family_slice,relative_vertical,loglinear_family_lambda_2_0,50,0.1794871794871795,0.11762876792508048,0.24528999665066428,0.01059135039717564,0.006070275884080685,0.015579170036163659,0.11794871794871795,-0.35696973489738293,-0.01794871794871794,-0.043727923195362756,0.0024182037768994374,0.0005744544280711274,0.000277757765382214,0.0009208694317161329,84,7931
open3dsg_ov_recovery,global_topk_family_slice,relative_vertical,loglinear_family_lambda_2_0,100,0.3641025641025641,0.2833088235294118,0.4409160341656272,0.04267873510540788,0.034853952849247895,0.05113108918535543,0.1487179487179487,-0.2870748102615204,-0.03076923076923077,-0.053764291547570446,-0.010746476009758792,0.0006457213213021465,0.0002498217047680277,0.0010559049799908971,745,17456
