level,source_id,route_family,score_id,K,unit_count,gt_units,gt_total,gt_selected,Recall@K,selected_total,Selected@K_mean,violation_denominator,violation_count,Violation@K
source_family,open3dsg_recovery_relaxed_views_min2,relative_horizontal,D0_source_score,5,548,430,4082,21,0.00514453699167075,2740,5.0,2740,1345,0.4908759124087591
source_family,open3dsg_recovery_relaxed_views_min2,relative_horizontal,D0_source_score,10,548,430,4082,87,0.021313081822635964,5476,9.992700729927007,5476,2658,0.485390796201607
source_family,open3dsg_recovery_relaxed_views_min2,relative_horizontal,D0_source_score,20,548,430,4082,270,0.06614404703576678,10936,19.956204379562045,10936,5319,0.48637527432333577
source_family,open3dsg_recovery_relaxed_views_min2,relative_horizontal,D0_source_score,50,548,430,4082,719,0.1761391474767271,26924,49.13138686131387,26924,13302,0.49405734660525924
source_family,open3dsg_recovery_relaxed_views_min2,relative_horizontal,D0_source_score,100,548,430,4082,1635,0.4005389514943655,51164,93.36496350364963,51164,25622,0.5007817997029161
source_family,open3dsg_recovery_relaxed_views_min2,relative_horizontal,D1_source_x_world_xy_frame,5,548,430,4082,52,0.012738853503184714,2740,5.0,2740,2,0.00072992700729927
source_family,open3dsg_recovery_relaxed_views_min2,relative_horizontal,D1_source_x_world_xy_frame,10,548,430,4082,149,0.03650171484566389,5476,9.992700729927007,5476,8,0.0014609203798392988
source_family,open3dsg_recovery_relaxed_views_min2,relative_horizontal,D1_source_x_world_xy_frame,20,548,430,4082,401,0.09823615874571288,10936,19.956204379562045,10936,114,0.010424286759326993
source_family,open3dsg_recovery_relaxed_views_min2,relative_horizontal,D1_source_x_world_xy_frame,50,548,430,4082,1335,0.3270455658990691,26924,49.13138686131387,26924,1343,0.049881146932105186
source_family,open3dsg_recovery_relaxed_views_min2,relative_horizontal,D1_source_x_world_xy_frame,100,548,430,4082,2395,0.5867221950024498,51164,93.36496350364963,51164,6891,0.13468454381987335
source_family,open3dsg_recovery_relaxed_views_min2,relative_horizontal,D2_source_x_axis_swap,5,548,430,4082,103,0.025232729054385106,2740,5.0,2740,2238,0.8167883211678832
source_family,open3dsg_recovery_relaxed_views_min2,relative_horizontal,D2_source_x_axis_swap,10,548,430,4082,225,0.05512003919647232,5476,9.992700729927007,5476,4402,0.8038714390065741
source_family,open3dsg_recovery_relaxed_views_min2,relative_horizontal,D2_source_x_axis_swap,20,548,430,4082,469,0.11489465948064674,10936,19.956204379562045,10936,8602,0.7865764447695685
source_family,open3dsg_recovery_relaxed_views_min2,relative_horizontal,D2_source_x_axis_swap,50,548,430,4082,1095,0.26825085742283195,26924,49.13138686131387,26924,20364,0.7563512108156292
source_family,open3dsg_recovery_relaxed_views_min2,relative_horizontal,D2_source_x_axis_swap,100,548,430,4082,1885,0.46178343949044587,51164,93.36496350364963,51164,34724,0.6786803221014776
source_family,open3dsg_recovery_relaxed_views_min2,relative_horizontal,D3_source_x_sign_flip,5,548,430,4082,120,0.02939735423811857,2740,5.0,2740,2738,0.9992700729927008
source_family,open3dsg_recovery_relaxed_views_min2,relative_horizontal,D3_source_x_sign_flip,10,548,430,4082,270,0.06614404703576678,5476,9.992700729927007,5476,5468,0.9985390796201608
source_family,open3dsg_recovery_relaxed_views_min2,relative_horizontal,D3_source_x_sign_flip,20,548,430,4082,513,0.1256736893679569,10936,19.956204379562045,10936,10823,0.9896671543525969
source_family,open3dsg_recovery_relaxed_views_min2,relative_horizontal,D3_source_x_sign_flip,50,548,430,4082,1104,0.27045565899069085,26924,49.13138686131387,26924,25580,0.9500817114841776
source_family,open3dsg_recovery_relaxed_views_min2,relative_horizontal,D3_source_x_sign_flip,100,548,430,4082,1788,0.4380205781479667,51164,93.36496350364963,51164,44277,0.8653936361504183
source_family,open3dsg_recovery_relaxed_views_min2,relative_horizontal,D4_world_xy_frame_only,5,548,430,4082,90,0.022048015678588925,2740,5.0,2740,2,0.00072992700729927
source_family,open3dsg_recovery_relaxed_views_min2,relative_horizontal,D4_world_xy_frame_only,10,548,430,4082,236,0.057814796668299855,5476,9.992700729927007,5476,8,0.0014609203798392988
source_family,open3dsg_recovery_relaxed_views_min2,relative_horizontal,D4_world_xy_frame_only,20,548,430,4082,562,0.13767760901518863,10936,19.956204379562045,10936,112,0.010241404535479151
source_family,open3dsg_recovery_relaxed_views_min2,relative_horizontal,D4_world_xy_frame_only,50,548,430,4082,1512,0.370406663400294,26924,49.13138686131387,26924,1342,0.04984400534838806
source_family,open3dsg_recovery_relaxed_views_min2,relative_horizontal,D4_world_xy_frame_only,100,548,430,4082,2422,0.5933365997060265,51164,93.36496350364963,51164,6884,0.13454772887186303
source_family,open3dsg_recovery_relaxed_views_min2,relative_horizontal,D5_axis_swap_only,5,548,430,4082,82,0.020088192062714356,2740,5.0,2740,2359,0.8609489051094891
source_family,open3dsg_recovery_relaxed_views_min2,relative_horizontal,D5_axis_swap_only,10,548,430,4082,200,0.04899559039686428,5476,9.992700729927007,5476,4686,0.8557341124908693
source_family,open3dsg_recovery_relaxed_views_min2,relative_horizontal,D5_axis_swap_only,20,548,430,4082,432,0.10583047525722684,10936,19.956204379562045,10936,9104,0.8324798829553768
source_family,open3dsg_recovery_relaxed_views_min2,relative_horizontal,D5_axis_swap_only,50,548,430,4082,1136,0.27829495345418914,26924,49.13138686131387,26924,20900,0.7762590996880107
source_family,open3dsg_recovery_relaxed_views_min2,relative_horizontal,D5_axis_swap_only,100,548,430,4082,1896,0.4644781969622734,51164,93.36496350364963,51164,34776,0.6796966617152685
source_family,open3dsg_recovery_relaxed_views_min2,relative_horizontal,D6_sign_flip_only,5,548,430,4082,98,0.0240078392944635,2740,5.0,2740,2738,0.9992700729927008
source_family,open3dsg_recovery_relaxed_views_min2,relative_horizontal,D6_sign_flip_only,10,548,430,4082,194,0.04752572268495835,5476,9.992700729927007,5476,5468,0.9985390796201608
source_family,open3dsg_recovery_relaxed_views_min2,relative_horizontal,D6_sign_flip_only,20,548,430,4082,398,0.09750122488975992,10936,19.956204379562045,10936,10824,0.9897585954645208
source_family,open3dsg_recovery_relaxed_views_min2,relative_horizontal,D6_sign_flip_only,50,548,430,4082,1032,0.2528172464478197,26924,49.13138686131387,26924,25582,0.9501559946516119
source_family,open3dsg_recovery_relaxed_views_min2,relative_horizontal,D6_sign_flip_only,100,548,430,4082,1784,0.4370406663400294,51164,93.36496350364963,51164,44280,0.8654522711281369
source_family,vlsat_full_validation,relative_horizontal,D0_source_score,5,548,494,5474,1590,0.29046401169163316,2740,5.0,2740,820,0.29927007299270075
source_family,vlsat_full_validation,relative_horizontal,D0_source_score,10,548,494,5474,2596,0.474241870661308,5480,10.0,5480,1978,0.36094890510948907
source_family,vlsat_full_validation,relative_horizontal,D0_source_score,20,548,494,5474,3808,0.6956521739130435,10960,20.0,10960,4645,0.4238138686131387
source_family,vlsat_full_validation,relative_horizontal,D0_source_score,50,548,494,5474,5052,0.9229082937522836,27400,50.0,27400,12625,0.4607664233576642
source_family,vlsat_full_validation,relative_horizontal,D0_source_score,100,548,494,5474,5375,0.9819145049324077,54500,99.45255474452554,54500,25558,0.468954128440367
source_family,vlsat_full_validation,relative_horizontal,D1_source_x_world_xy_frame,5,548,494,5474,1424,0.2601388381439532,2740,5.0,2740,179,0.06532846715328468
source_family,vlsat_full_validation,relative_horizontal,D1_source_x_world_xy_frame,10,548,494,5474,2287,0.41779320423821703,5480,10.0,5480,586,0.10693430656934307
source_family,vlsat_full_validation,relative_horizontal,D1_source_x_world_xy_frame,20,548,494,5474,3285,0.6001096090610157,10960,20.0,10960,1840,0.1678832116788321
source_family,vlsat_full_validation,relative_horizontal,D1_source_x_world_xy_frame,50,548,494,5474,4426,0.8085495067592254,27400,50.0,27400,6619,0.24156934306569344
source_family,vlsat_full_validation,relative_horizontal,D1_source_x_world_xy_frame,100,548,494,5474,5036,0.9199853854585313,54500,99.45255474452554,54500,15992,0.29343119266055046
source_family,vlsat_full_validation,relative_horizontal,D2_source_x_axis_swap,5,548,494,5474,1196,0.2184873949579832,2740,5.0,2740,1588,0.5795620437956205
source_family,vlsat_full_validation,relative_horizontal,D2_source_x_axis_swap,10,548,494,5474,1964,0.3587869930580928,5480,10.0,5480,3269,0.5965328467153285
source_family,vlsat_full_validation,relative_horizontal,D2_source_x_axis_swap,20,548,494,5474,2916,0.5327000365363537,10960,20.0,10960,6680,0.6094890510948905
source_family,vlsat_full_validation,relative_horizontal,D2_source_x_axis_swap,50,548,494,5474,4230,0.77274388016076,27400,50.0,27400,16746,0.6111678832116788
source_family,vlsat_full_validation,relative_horizontal,D2_source_x_axis_swap,100,548,494,5474,4889,0.8931311655096821,54500,99.45255474452554,54500,32943,0.6044587155963302
source_family,vlsat_full_validation,relative_horizontal,D3_source_x_sign_flip,5,548,494,5474,1045,0.19090244793569602,2740,5.0,2740,2446,0.8927007299270073
source_family,vlsat_full_validation,relative_horizontal,D3_source_x_sign_flip,10,548,494,5474,1746,0.31896236755571794,5480,10.0,5480,4641,0.8468978102189781
source_family,vlsat_full_validation,relative_horizontal,D3_source_x_sign_flip,20,548,494,5474,2696,0.4925100474972598,10960,20.0,10960,8579,0.7827554744525548
source_family,vlsat_full_validation,relative_horizontal,D3_source_x_sign_flip,50,548,494,5474,4152,0.7584947022287176,27400,50.0,27400,19369,0.7068978102189781
source_family,vlsat_full_validation,relative_horizontal,D3_source_x_sign_flip,100,548,494,5474,4867,0.8891121666057727,54500,99.45255474452554,54500,36502,0.6697614678899082
source_family,vlsat_full_validation,relative_horizontal,D4_world_xy_frame_only,5,548,494,5474,75,0.01370113262696383,2740,5.0,2740,0,0.0
source_family,vlsat_full_validation,relative_horizontal,D4_world_xy_frame_only,10,548,494,5474,168,0.030690537084398978,5480,10.0,5480,0,0.0
source_family,vlsat_full_validation,relative_horizontal,D4_world_xy_frame_only,20,548,494,5474,410,0.07489952502740227,10960,20.0,10960,0,0.0
source_family,vlsat_full_validation,relative_horizontal,D4_world_xy_frame_only,50,548,494,5474,1462,0.2670807453416149,27400,50.0,27400,150,0.005474452554744526
source_family,vlsat_full_validation,relative_horizontal,D4_world_xy_frame_only,100,548,494,5474,2854,0.5213737668980636,54500,99.45255474452554,54500,1760,0.032293577981651375
source_family,vlsat_full_validation,relative_horizontal,D5_axis_swap_only,5,548,494,5474,58,0.010595542564852027,2740,5.0,2740,2444,0.891970802919708
source_family,vlsat_full_validation,relative_horizontal,D5_axis_swap_only,10,548,494,5474,160,0.029229082937522834,5480,10.0,5480,4868,0.8883211678832117
source_family,vlsat_full_validation,relative_horizontal,D5_axis_swap_only,20,548,494,5474,356,0.0650347095359883,10960,20.0,10960,9654,0.8808394160583941
source_family,vlsat_full_validation,relative_horizontal,D5_axis_swap_only,50,548,494,5474,1150,0.21008403361344538,27400,50.0,27400,22882,0.8351094890510949
source_family,vlsat_full_validation,relative_horizontal,D5_axis_swap_only,100,548,494,5474,2132,0.38947753014249176,54500,99.45255474452554,54500,41186,0.7557064220183486
source_family,vlsat_full_validation,relative_horizontal,D6_sign_flip_only,5,548,494,5474,80,0.014614541468761417,2740,5.0,2740,2740,1.0
source_family,vlsat_full_validation,relative_horizontal,D6_sign_flip_only,10,548,494,5474,166,0.03032517354767994,5480,10.0,5480,5480,1.0
source_family,vlsat_full_validation,relative_horizontal,D6_sign_flip_only,20,548,494,5474,320,0.05845816587504567,10960,20.0,10960,10960,1.0
source_family,vlsat_full_validation,relative_horizontal,D6_sign_flip_only,50,548,494,5474,976,0.1782974059188893,27400,50.0,27400,27250,0.9945255474452555
source_family,vlsat_full_validation,relative_horizontal,D6_sign_flip_only,100,548,494,5474,2018,0.36865180854950674,54500,99.45255474452554,54500,52740,0.9677064220183487
