level,source_id,route_family,predicate_label,score_id,K,unit_count,gt_units,gt_total,gt_selected,Recall@K,selected_total,Selected@K_mean,violation_denominator,violation_count,Violation@K
source_predicate,open3dsg_recovery_relaxed_views_min2,relative_horizontal,left,S0_source_score,5,416,416,1287,0,0.0,0,0.0,0,0,
source_predicate,open3dsg_recovery_relaxed_views_min2,relative_horizontal,left,S0_source_score,10,416,416,1287,0,0.0,9,0.021634615384615384,9,5,0.5555555555555556
source_predicate,open3dsg_recovery_relaxed_views_min2,relative_horizontal,left,S0_source_score,20,416,416,1287,1,0.000777000777000777,71,0.17067307692307693,71,37,0.5211267605633803
source_predicate,open3dsg_recovery_relaxed_views_min2,relative_horizontal,left,S0_source_score,50,416,416,1287,27,0.02097902097902098,862,2.0721153846153846,862,448,0.5197215777262181
source_predicate,open3dsg_recovery_relaxed_views_min2,relative_horizontal,left,S0_source_score,100,416,416,1287,155,0.12043512043512043,3874,9.3125,3874,1940,0.500774393391843
source_predicate,open3dsg_recovery_relaxed_views_min2,relative_horizontal,left,S2_source_x_Ce,5,416,416,1287,0,0.0,21,0.05048076923076923,21,4,0.19047619047619047
source_predicate,open3dsg_recovery_relaxed_views_min2,relative_horizontal,left,S2_source_x_Ce,10,416,416,1287,0,0.0,88,0.21153846153846154,88,8,0.09090909090909091
source_predicate,open3dsg_recovery_relaxed_views_min2,relative_horizontal,left,S2_source_x_Ce,20,416,416,1287,24,0.018648018648018648,480,1.1538461538461537,480,43,0.08958333333333333
source_predicate,open3dsg_recovery_relaxed_views_min2,relative_horizontal,left,S2_source_x_Ce,50,416,416,1287,208,0.16161616161616163,3653,8.78125,3653,371,0.10156036134683821
source_predicate,open3dsg_recovery_relaxed_views_min2,relative_horizontal,left,S2_source_x_Ce,100,416,416,1287,719,0.5586635586635587,10996,26.432692307692307,10996,1971,0.17924699890869408
source_predicate,open3dsg_recovery_relaxed_views_min2,relative_horizontal,left,A1_source_x_G_only,5,416,416,1287,0,0.0,6,0.014423076923076924,6,5,0.8333333333333334
source_predicate,open3dsg_recovery_relaxed_views_min2,relative_horizontal,left,A1_source_x_G_only,10,416,416,1287,0,0.0,39,0.09375,39,34,0.8717948717948718
source_predicate,open3dsg_recovery_relaxed_views_min2,relative_horizontal,left,A1_source_x_G_only,20,416,416,1287,3,0.002331002331002331,238,0.5721153846153846,238,217,0.9117647058823529
source_predicate,open3dsg_recovery_relaxed_views_min2,relative_horizontal,left,A1_source_x_G_only,50,416,416,1287,47,0.03651903651903652,1941,4.665865384615385,1941,1603,0.8258629572385369
source_predicate,open3dsg_recovery_relaxed_views_min2,relative_horizontal,left,A1_source_x_G_only,100,416,416,1287,192,0.14918414918414918,6830,16.41826923076923,6830,5251,0.7688140556368961
source_predicate,open3dsg_recovery_relaxed_views_min2,relative_horizontal,left,A2_source_x_TG_concat,5,416,416,1287,0,0.0,9,0.021634615384615384,9,5,0.5555555555555556
source_predicate,open3dsg_recovery_relaxed_views_min2,relative_horizontal,left,A2_source_x_TG_concat,10,416,416,1287,0,0.0,41,0.0985576923076923,41,23,0.5609756097560976
source_predicate,open3dsg_recovery_relaxed_views_min2,relative_horizontal,left,A2_source_x_TG_concat,20,416,416,1287,5,0.003885003885003885,224,0.5384615384615384,224,113,0.5044642857142857
source_predicate,open3dsg_recovery_relaxed_views_min2,relative_horizontal,left,A2_source_x_TG_concat,50,416,416,1287,82,0.06371406371406371,1981,4.762019230769231,1981,1003,0.5063099444724887
source_predicate,open3dsg_recovery_relaxed_views_min2,relative_horizontal,left,A2_source_x_TG_concat,100,416,416,1287,345,0.2680652680652681,9150,21.995192307692307,9150,4452,0.48655737704918034
source_predicate,open3dsg_recovery_relaxed_views_min2,relative_horizontal,left,C1_source_x_shuffled_Ce,5,416,416,1287,1,0.000777000777000777,19,0.04567307692307692,19,12,0.631578947368421
source_predicate,open3dsg_recovery_relaxed_views_min2,relative_horizontal,left,C1_source_x_shuffled_Ce,10,416,416,1287,2,0.001554001554001554,85,0.20432692307692307,85,40,0.47058823529411764
source_predicate,open3dsg_recovery_relaxed_views_min2,relative_horizontal,left,C1_source_x_shuffled_Ce,20,416,416,1287,14,0.010878010878010878,463,1.1129807692307692,463,245,0.5291576673866091
source_predicate,open3dsg_recovery_relaxed_views_min2,relative_horizontal,left,C1_source_x_shuffled_Ce,50,416,416,1287,139,0.108003108003108,3501,8.415865384615385,3501,1757,0.5018566123964582
source_predicate,open3dsg_recovery_relaxed_views_min2,relative_horizontal,left,C1_source_x_shuffled_Ce,100,416,416,1287,507,0.3939393939393939,10429,25.06971153846154,10429,5241,0.5025409914661041
source_predicate,open3dsg_recovery_relaxed_views_min2,relative_horizontal,left,C2_source_x_wrong_T_Ce,5,416,416,1287,0,0.0,13,0.03125,13,13,1.0
source_predicate,open3dsg_recovery_relaxed_views_min2,relative_horizontal,left,C2_source_x_wrong_T_Ce,10,416,416,1287,2,0.001554001554001554,62,0.14903846153846154,62,55,0.8870967741935484
source_predicate,open3dsg_recovery_relaxed_views_min2,relative_horizontal,left,C2_source_x_wrong_T_Ce,20,416,416,1287,3,0.002331002331002331,402,0.9663461538461539,402,373,0.927860696517413
source_predicate,open3dsg_recovery_relaxed_views_min2,relative_horizontal,left,C2_source_x_wrong_T_Ce,50,416,416,1287,54,0.04195804195804196,3210,7.716346153846154,3210,2909,0.9062305295950156
source_predicate,open3dsg_recovery_relaxed_views_min2,relative_horizontal,left,C2_source_x_wrong_T_Ce,100,416,416,1287,264,0.20512820512820512,9946,23.908653846153847,9946,8314,0.8359139352503518
source_predicate,open3dsg_recovery_relaxed_views_min2,relative_horizontal,right,S0_source_score,5,416,416,1287,0,0.0,5,0.01201923076923077,5,4,0.8
source_predicate,open3dsg_recovery_relaxed_views_min2,relative_horizontal,right,S0_source_score,10,416,416,1287,0,0.0,52,0.125,52,27,0.5192307692307693
source_predicate,open3dsg_recovery_relaxed_views_min2,relative_horizontal,right,S0_source_score,20,416,416,1287,9,0.006993006993006993,360,0.8653846153846154,360,189,0.525
source_predicate,open3dsg_recovery_relaxed_views_min2,relative_horizontal,right,S0_source_score,50,416,416,1287,100,0.0777000777000777,3009,7.233173076923077,3009,1502,0.4991691591890994
source_predicate,open3dsg_recovery_relaxed_views_min2,relative_horizontal,right,S0_source_score,100,416,416,1287,544,0.4226884226884227,12341,29.665865384615383,12341,6134,0.4970423790616644
source_predicate,open3dsg_recovery_relaxed_views_min2,relative_horizontal,right,S2_source_x_Ce,5,416,416,1287,1,0.000777000777000777,57,0.13701923076923078,57,2,0.03508771929824561
source_predicate,open3dsg_recovery_relaxed_views_min2,relative_horizontal,right,S2_source_x_Ce,10,416,416,1287,7,0.005439005439005439,265,0.6370192307692307,265,9,0.033962264150943396
source_predicate,open3dsg_recovery_relaxed_views_min2,relative_horizontal,right,S2_source_x_Ce,20,416,416,1287,61,0.0473970473970474,1223,2.9399038461538463,1223,36,0.029435813573180702
source_predicate,open3dsg_recovery_relaxed_views_min2,relative_horizontal,right,S2_source_x_Ce,50,416,416,1287,356,0.2766122766122766,6002,14.427884615384615,6002,351,0.05848050649783405
source_predicate,open3dsg_recovery_relaxed_views_min2,relative_horizontal,right,S2_source_x_Ce,100,416,416,1287,786,0.6107226107226107,12205,29.338942307692307,12205,1830,0.14993854977468252
source_predicate,open3dsg_recovery_relaxed_views_min2,relative_horizontal,right,A1_source_x_G_only,5,416,416,1287,0,0.0,45,0.10817307692307693,45,1,0.022222222222222223
source_predicate,open3dsg_recovery_relaxed_views_min2,relative_horizontal,right,A1_source_x_G_only,10,416,416,1287,2,0.001554001554001554,210,0.5048076923076923,210,13,0.06190476190476191
source_predicate,open3dsg_recovery_relaxed_views_min2,relative_horizontal,right,A1_source_x_G_only,20,416,416,1287,19,0.014763014763014764,841,2.0216346153846154,841,73,0.08680142687277051
source_predicate,open3dsg_recovery_relaxed_views_min2,relative_horizontal,right,A1_source_x_G_only,50,416,416,1287,192,0.14918414918414918,4370,10.504807692307692,4370,662,0.15148741418764303
source_predicate,open3dsg_recovery_relaxed_views_min2,relative_horizontal,right,A1_source_x_G_only,100,416,416,1287,606,0.47086247086247085,11393,27.38701923076923,11393,2839,0.24918809795488459
source_predicate,open3dsg_recovery_relaxed_views_min2,relative_horizontal,right,A2_source_x_TG_concat,5,416,416,1287,0,0.0,1,0.002403846153846154,1,1,1.0
source_predicate,open3dsg_recovery_relaxed_views_min2,relative_horizontal,right,A2_source_x_TG_concat,10,416,416,1287,0,0.0,16,0.038461538461538464,16,12,0.75
source_predicate,open3dsg_recovery_relaxed_views_min2,relative_horizontal,right,A2_source_x_TG_concat,20,416,416,1287,1,0.000777000777000777,161,0.3870192307692308,161,83,0.515527950310559
source_predicate,open3dsg_recovery_relaxed_views_min2,relative_horizontal,right,A2_source_x_TG_concat,50,416,416,1287,51,0.039627039627039624,1651,3.96875,1651,838,0.5075711689884919
source_predicate,open3dsg_recovery_relaxed_views_min2,relative_horizontal,right,A2_source_x_TG_concat,100,416,416,1287,321,0.2494172494172494,7565,18.185096153846153,7565,3800,0.5023132848645075
source_predicate,open3dsg_recovery_relaxed_views_min2,relative_horizontal,right,C1_source_x_shuffled_Ce,5,416,416,1287,1,0.000777000777000777,54,0.12980769230769232,54,33,0.6111111111111112
source_predicate,open3dsg_recovery_relaxed_views_min2,relative_horizontal,right,C1_source_x_shuffled_Ce,10,416,416,1287,9,0.006993006993006993,297,0.7139423076923077,297,147,0.494949494949495
source_predicate,open3dsg_recovery_relaxed_views_min2,relative_horizontal,right,C1_source_x_shuffled_Ce,20,416,416,1287,50,0.03885003885003885,1315,3.1610576923076925,1315,676,0.5140684410646388
source_predicate,open3dsg_recovery_relaxed_views_min2,relative_horizontal,right,C1_source_x_shuffled_Ce,50,416,416,1287,274,0.2128982128982129,6358,15.283653846153847,6358,3146,0.49480968858131485
source_predicate,open3dsg_recovery_relaxed_views_min2,relative_horizontal,right,C1_source_x_shuffled_Ce,100,416,416,1287,603,0.46853146853146854,12825,30.829326923076923,12825,6362,0.4960623781676413
source_predicate,open3dsg_recovery_relaxed_views_min2,relative_horizontal,right,C2_source_x_wrong_T_Ce,5,416,416,1287,0,0.0,63,0.15144230769230768,63,58,0.9206349206349206
source_predicate,open3dsg_recovery_relaxed_views_min2,relative_horizontal,right,C2_source_x_wrong_T_Ce,10,416,416,1287,3,0.002331002331002331,309,0.7427884615384616,309,298,0.9644012944983819
source_predicate,open3dsg_recovery_relaxed_views_min2,relative_horizontal,right,C2_source_x_wrong_T_Ce,20,416,416,1287,18,0.013986013986013986,1410,3.389423076923077,1410,1355,0.9609929078014184
source_predicate,open3dsg_recovery_relaxed_views_min2,relative_horizontal,right,C2_source_x_wrong_T_Ce,50,416,416,1287,121,0.09401709401709402,6822,16.39903846153846,6822,6338,0.9290530636177075
source_predicate,open3dsg_recovery_relaxed_views_min2,relative_horizontal,right,C2_source_x_wrong_T_Ce,100,416,416,1287,361,0.2804972804972805,13477,32.39663461538461,13477,11183,0.8297840765749054
source_predicate,open3dsg_recovery_relaxed_views_min2,relative_horizontal,front,S0_source_score,5,316,316,754,4,0.005305039787798408,128,0.4050632911392405,128,67,0.5234375
source_predicate,open3dsg_recovery_relaxed_views_min2,relative_horizontal,front,S0_source_score,10,316,316,754,8,0.010610079575596816,503,1.5917721518987342,503,263,0.5228628230616302
source_predicate,open3dsg_recovery_relaxed_views_min2,relative_horizontal,front,S0_source_score,20,316,316,754,44,0.058355437665782495,1729,5.4715189873417724,1729,892,0.5159051474840949
source_predicate,open3dsg_recovery_relaxed_views_min2,relative_horizontal,front,S0_source_score,50,316,316,754,128,0.16976127320954906,5664,17.924050632911392,5664,2915,0.5146539548022598
source_predicate,open3dsg_recovery_relaxed_views_min2,relative_horizontal,front,S0_source_score,100,316,316,754,251,0.3328912466843501,11662,36.90506329113924,11662,6065,0.5200651689247128
source_predicate,open3dsg_recovery_relaxed_views_min2,relative_horizontal,front,S2_source_x_Ce,5,316,316,754,6,0.007957559681697613,420,1.3291139240506329,420,420,1.0
source_predicate,open3dsg_recovery_relaxed_views_min2,relative_horizontal,front,S2_source_x_Ce,10,316,316,754,25,0.033156498673740056,1116,3.5316455696202533,1116,1109,0.9937275985663082
source_predicate,open3dsg_recovery_relaxed_views_min2,relative_horizontal,front,S2_source_x_Ce,20,316,316,754,64,0.08488063660477453,2434,7.7025316455696204,2434,2378,0.9769926047658176
source_predicate,open3dsg_recovery_relaxed_views_min2,relative_horizontal,front,S2_source_x_Ce,50,316,316,754,205,0.2718832891246684,6375,20.174050632911392,6375,5948,0.9330196078431372
source_predicate,open3dsg_recovery_relaxed_views_min2,relative_horizontal,front,S2_source_x_Ce,100,316,316,754,467,0.6193633952254642,12684,40.139240506329116,12684,10777,0.8496531062756228
source_predicate,open3dsg_recovery_relaxed_views_min2,relative_horizontal,front,A1_source_x_G_only,5,316,316,754,7,0.009283819628647215,228,0.7215189873417721,228,132,0.5789473684210527
source_predicate,open3dsg_recovery_relaxed_views_min2,relative_horizontal,front,A1_source_x_G_only,10,316,316,754,16,0.021220159151193633,747,2.3639240506329116,747,440,0.5890227576974565
source_predicate,open3dsg_recovery_relaxed_views_min2,relative_horizontal,front,A1_source_x_G_only,20,316,316,754,43,0.05702917771883289,2018,6.386075949367089,2018,1141,0.5654112983151636
source_predicate,open3dsg_recovery_relaxed_views_min2,relative_horizontal,front,A1_source_x_G_only,50,316,316,754,130,0.1724137931034483,5945,18.813291139240505,5945,3175,0.5340622371740958
source_predicate,open3dsg_recovery_relaxed_views_min2,relative_horizontal,front,A1_source_x_G_only,100,316,316,754,310,0.41114058355437666,12125,38.370253164556964,12125,6443,0.5313814432989691
source_predicate,open3dsg_recovery_relaxed_views_min2,relative_horizontal,front,A2_source_x_TG_concat,5,316,316,754,3,0.003978779840848806,93,0.29430379746835444,93,51,0.5483870967741935
source_predicate,open3dsg_recovery_relaxed_views_min2,relative_horizontal,front,A2_source_x_TG_concat,10,316,316,754,4,0.005305039787798408,418,1.3227848101265822,418,208,0.49760765550239233
source_predicate,open3dsg_recovery_relaxed_views_min2,relative_horizontal,front,A2_source_x_TG_concat,20,316,316,754,37,0.04907161803713528,1503,4.756329113924051,1503,753,0.500998003992016
source_predicate,open3dsg_recovery_relaxed_views_min2,relative_horizontal,front,A2_source_x_TG_concat,50,316,316,754,101,0.13395225464190982,4935,15.617088607594937,4935,2476,0.5017223910840932
source_predicate,open3dsg_recovery_relaxed_views_min2,relative_horizontal,front,A2_source_x_TG_concat,100,316,316,754,203,0.2692307692307692,10117,32.015822784810126,10117,5175,0.5115152713254918
source_predicate,open3dsg_recovery_relaxed_views_min2,relative_horizontal,front,C1_source_x_shuffled_Ce,5,316,316,754,7,0.009283819628647215,377,1.1930379746835442,377,194,0.5145888594164456
source_predicate,open3dsg_recovery_relaxed_views_min2,relative_horizontal,front,C1_source_x_shuffled_Ce,10,316,316,754,25,0.033156498673740056,1042,3.2974683544303796,1042,530,0.508637236084453
source_predicate,open3dsg_recovery_relaxed_views_min2,relative_horizontal,front,C1_source_x_shuffled_Ce,20,316,316,754,51,0.06763925729442971,2334,7.386075949367089,2334,1211,0.5188517566409597
source_predicate,open3dsg_recovery_relaxed_views_min2,relative_horizontal,front,C1_source_x_shuffled_Ce,50,316,316,754,158,0.20954907161803712,6368,20.151898734177216,6368,3265,0.5127198492462312
source_predicate,open3dsg_recovery_relaxed_views_min2,relative_horizontal,front,C1_source_x_shuffled_Ce,100,316,316,754,361,0.47877984084880637,12897,40.813291139240505,12897,6467,0.5014344421183221
source_predicate,open3dsg_recovery_relaxed_views_min2,relative_horizontal,front,C2_source_x_wrong_T_Ce,5,316,316,754,8,0.010610079575596816,387,1.2246835443037976,387,1,0.002583979328165375
source_predicate,open3dsg_recovery_relaxed_views_min2,relative_horizontal,front,C2_source_x_wrong_T_Ce,10,316,316,754,17,0.022546419098143235,1082,3.4240506329113924,1082,9,0.00831792975970425
source_predicate,open3dsg_recovery_relaxed_views_min2,relative_horizontal,front,C2_source_x_wrong_T_Ce,20,316,316,754,26,0.034482758620689655,2286,7.234177215189874,2286,61,0.02668416447944007
source_predicate,open3dsg_recovery_relaxed_views_min2,relative_horizontal,front,C2_source_x_wrong_T_Ce,50,316,316,754,88,0.11671087533156499,6240,19.746835443037973,6240,464,0.07435897435897436
source_predicate,open3dsg_recovery_relaxed_views_min2,relative_horizontal,front,C2_source_x_wrong_T_Ce,100,316,316,754,232,0.3076923076923077,12911,40.857594936708864,12911,2056,0.1592440554565874
source_predicate,open3dsg_recovery_relaxed_views_min2,relative_horizontal,behind,S0_source_score,5,316,316,754,17,0.022546419098143235,2607,8.25,2607,1274,0.4886843114691216
source_predicate,open3dsg_recovery_relaxed_views_min2,relative_horizontal,behind,S0_source_score,10,316,316,754,79,0.10477453580901856,4912,15.544303797468354,4912,2363,0.4810667752442997
source_predicate,open3dsg_recovery_relaxed_views_min2,relative_horizontal,behind,S0_source_score,20,316,316,754,216,0.2864721485411141,8776,27.772151898734176,8776,4201,0.4786918869644485
source_predicate,open3dsg_recovery_relaxed_views_min2,relative_horizontal,behind,S0_source_score,50,316,316,754,464,0.6153846153846154,17389,55.028481012658226,17389,8437,0.4851917879118983
source_predicate,open3dsg_recovery_relaxed_views_min2,relative_horizontal,behind,S0_source_score,100,316,316,754,685,0.9084880636604774,23287,73.69303797468355,23287,11483,0.49310774251728434
source_predicate,open3dsg_recovery_relaxed_views_min2,relative_horizontal,behind,S2_source_x_Ce,5,316,316,754,59,0.07824933687002653,2242,7.094936708860759,2242,2218,0.9892952720785013
source_predicate,open3dsg_recovery_relaxed_views_min2,relative_horizontal,behind,S2_source_x_Ce,10,316,316,754,120,0.15915119363395225,4007,12.680379746835444,4007,3945,0.9845270776141752
source_predicate,open3dsg_recovery_relaxed_views_min2,relative_horizontal,behind,S2_source_x_Ce,20,316,316,754,242,0.3209549071618037,6799,21.515822784810126,6799,6601,0.9708780703044565
source_predicate,open3dsg_recovery_relaxed_views_min2,relative_horizontal,behind,S2_source_x_Ce,50,316,316,754,418,0.5543766578249337,10894,34.4746835443038,10894,10095,0.9266568753442261
source_predicate,open3dsg_recovery_relaxed_views_min2,relative_horizontal,behind,S2_source_x_Ce,100,316,316,754,573,0.7599469496021221,15279,48.35126582278481,15279,12486,0.8172000785391714
source_predicate,open3dsg_recovery_relaxed_views_min2,relative_horizontal,behind,A1_source_x_G_only,5,316,316,754,29,0.038461538461538464,2461,7.787974683544304,2461,1016,0.41284030881755385
source_predicate,open3dsg_recovery_relaxed_views_min2,relative_horizontal,behind,A1_source_x_G_only,10,316,316,754,75,0.09946949602122016,4480,14.177215189873417,4480,1912,0.42678571428571427
source_predicate,open3dsg_recovery_relaxed_views_min2,relative_horizontal,behind,A1_source_x_G_only,20,316,316,754,170,0.22546419098143236,7839,24.806962025316455,7839,3479,0.4438066079857125
source_predicate,open3dsg_recovery_relaxed_views_min2,relative_horizontal,behind,A1_source_x_G_only,50,316,316,754,396,0.5251989389920424,14668,46.41772151898734,14668,6832,0.4657758385601309
source_predicate,open3dsg_recovery_relaxed_views_min2,relative_horizontal,behind,A1_source_x_G_only,100,316,316,754,612,0.8116710875331565,20816,65.87341772151899,20816,10168,0.48847040737893926
source_predicate,open3dsg_recovery_relaxed_views_min2,relative_horizontal,behind,A2_source_x_TG_concat,5,316,316,754,23,0.03050397877984085,2637,8.344936708860759,2637,1478,0.5604854000758438
source_predicate,open3dsg_recovery_relaxed_views_min2,relative_horizontal,behind,A2_source_x_TG_concat,10,316,316,754,93,0.123342175066313,5001,15.825949367088608,5001,2615,0.5228954209158169
source_predicate,open3dsg_recovery_relaxed_views_min2,relative_horizontal,behind,A2_source_x_TG_concat,20,316,316,754,212,0.28116710875331563,9048,28.632911392405063,9048,4587,0.5069628647214854
source_predicate,open3dsg_recovery_relaxed_views_min2,relative_horizontal,behind,A2_source_x_TG_concat,50,316,316,754,499,0.6618037135278515,18357,58.09177215189873,18357,9058,0.4934357465816855
source_predicate,open3dsg_recovery_relaxed_views_min2,relative_horizontal,behind,A2_source_x_TG_concat,100,316,316,754,705,0.9350132625994695,24332,77.0,24332,12115,0.49790399473943775
source_predicate,open3dsg_recovery_relaxed_views_min2,relative_horizontal,behind,C1_source_x_shuffled_Ce,5,316,316,754,50,0.06631299734748011,2290,7.246835443037975,2290,1116,0.4873362445414847
source_predicate,open3dsg_recovery_relaxed_views_min2,relative_horizontal,behind,C1_source_x_shuffled_Ce,10,316,316,754,100,0.13262599469496023,4052,12.822784810126583,4052,1971,0.486426456071076
source_predicate,open3dsg_recovery_relaxed_views_min2,relative_horizontal,behind,C1_source_x_shuffled_Ce,20,316,316,754,193,0.25596816976127323,6824,21.59493670886076,6824,3414,0.5002930832356389
source_predicate,open3dsg_recovery_relaxed_views_min2,relative_horizontal,behind,C1_source_x_shuffled_Ce,50,316,316,754,307,0.40716180371352784,10697,33.85126582278481,10697,5358,0.5008880994671403
source_predicate,open3dsg_recovery_relaxed_views_min2,relative_horizontal,behind,C1_source_x_shuffled_Ce,100,316,316,754,436,0.5782493368700266,15013,47.50949367088607,15013,7520,0.5008992206754146
source_predicate,open3dsg_recovery_relaxed_views_min2,relative_horizontal,behind,C2_source_x_wrong_T_Ce,5,316,316,754,21,0.027851458885941646,2277,7.205696202531645,2277,19,0.00834431269213878
source_predicate,open3dsg_recovery_relaxed_views_min2,relative_horizontal,behind,C2_source_x_wrong_T_Ce,10,316,316,754,42,0.05570291777188329,4023,12.731012658227849,4023,52,0.012925677355207556
source_predicate,open3dsg_recovery_relaxed_views_min2,relative_horizontal,behind,C2_source_x_wrong_T_Ce,20,316,316,754,78,0.10344827586206896,6838,21.639240506329113,6838,145,0.021205030710734134
source_predicate,open3dsg_recovery_relaxed_views_min2,relative_horizontal,behind,C2_source_x_wrong_T_Ce,50,316,316,754,154,0.20424403183023873,10652,33.70886075949367,10652,690,0.06477656778069846
source_predicate,open3dsg_recovery_relaxed_views_min2,relative_horizontal,behind,C2_source_x_wrong_T_Ce,100,316,316,754,265,0.35145888594164454,14830,46.93037974683544,14830,2535,0.17093728927848956
source_predicate,vlsat_full_validation,relative_horizontal,left,S0_source_score,5,484,484,1713,710,0.4144775248102744,1144,2.3636363636363638,1144,249,0.21765734265734266
source_predicate,vlsat_full_validation,relative_horizontal,left,S0_source_score,10,484,484,1713,1067,0.6228838295388208,1975,4.080578512396694,1975,458,0.23189873417721518
source_predicate,vlsat_full_validation,relative_horizontal,left,S0_source_score,20,484,484,1713,1360,0.793928779918272,3261,6.737603305785124,3261,767,0.23520392517632627
source_predicate,vlsat_full_validation,relative_horizontal,left,S0_source_score,50,484,484,1713,1618,0.9445417396380619,6975,14.411157024793388,6975,1875,0.26881720430107525
source_predicate,vlsat_full_validation,relative_horizontal,left,S0_source_score,100,484,484,1713,1690,0.986573263280794,12857,26.56404958677686,12857,4193,0.3261258458427316
source_predicate,vlsat_full_validation,relative_horizontal,left,S2_source_x_Ce,5,484,484,1713,722,0.4214827787507297,1190,2.458677685950413,1190,150,0.12605042016806722
source_predicate,vlsat_full_validation,relative_horizontal,left,S2_source_x_Ce,10,484,484,1713,1034,0.6036193812025686,1969,4.068181818181818,1969,278,0.14118842051802946
source_predicate,vlsat_full_validation,relative_horizontal,left,S2_source_x_Ce,20,484,484,1713,1307,0.7629889083479277,3341,6.902892561983471,3341,542,0.16222687818018558
source_predicate,vlsat_full_validation,relative_horizontal,left,S2_source_x_Ce,50,484,484,1713,1602,0.9352014010507881,7200,14.87603305785124,7200,1481,0.20569444444444446
source_predicate,vlsat_full_validation,relative_horizontal,left,S2_source_x_Ce,100,484,484,1713,1690,0.986573263280794,13367,27.617768595041323,13367,3558,0.2661779008004788
source_predicate,vlsat_full_validation,relative_horizontal,left,A1_source_x_G_only,5,484,484,1713,571,0.3333333333333333,955,1.9731404958677685,955,296,0.3099476439790576
source_predicate,vlsat_full_validation,relative_horizontal,left,A1_source_x_G_only,10,484,484,1713,956,0.5580852305896089,1812,3.743801652892562,1812,493,0.27207505518763797
source_predicate,vlsat_full_validation,relative_horizontal,left,A1_source_x_G_only,20,484,484,1713,1337,0.780502043199066,3192,6.595041322314049,3192,802,0.25125313283208023
source_predicate,vlsat_full_validation,relative_horizontal,left,A1_source_x_G_only,50,484,484,1713,1614,0.9422066549912435,6921,14.299586776859504,6921,1943,0.2807397774888022
source_predicate,vlsat_full_validation,relative_horizontal,left,A1_source_x_G_only,100,484,484,1713,1685,0.9836544074722708,12839,26.526859504132233,12839,4365,0.3399797492016512
source_predicate,vlsat_full_validation,relative_horizontal,left,A2_source_x_TG_concat,5,484,484,1713,893,0.5213076474022184,1414,2.9214876033057853,1414,302,0.21357850070721357
source_predicate,vlsat_full_validation,relative_horizontal,left,A2_source_x_TG_concat,10,484,484,1713,1154,0.673671920607122,2132,4.404958677685951,2132,488,0.22889305816135083
source_predicate,vlsat_full_validation,relative_horizontal,left,A2_source_x_TG_concat,20,484,484,1713,1385,0.8085230589608874,3374,6.971074380165289,3374,797,0.23621813870776526
source_predicate,vlsat_full_validation,relative_horizontal,left,A2_source_x_TG_concat,50,484,484,1713,1621,0.9462930531231757,7152,14.776859504132231,7152,1933,0.2702740492170022
source_predicate,vlsat_full_validation,relative_horizontal,left,A2_source_x_TG_concat,100,484,484,1713,1689,0.9859894921190894,13308,27.49586776859504,13308,4375,0.3287496242861437
source_predicate,vlsat_full_validation,relative_horizontal,left,C1_source_x_shuffled_Ce,5,484,484,1713,530,0.30939871570344424,1000,2.0661157024793386,1000,234,0.234
source_predicate,vlsat_full_validation,relative_horizontal,left,C1_source_x_shuffled_Ce,10,484,484,1713,814,0.475189725627554,1743,3.6012396694214877,1743,418,0.23981640849110727
source_predicate,vlsat_full_validation,relative_horizontal,left,C1_source_x_shuffled_Ce,20,484,484,1713,1093,0.6380618797431407,3030,6.260330578512397,3030,744,0.24554455445544554
source_predicate,vlsat_full_validation,relative_horizontal,left,C1_source_x_shuffled_Ce,50,484,484,1713,1470,0.8581436077057794,6872,14.198347107438016,6872,1909,0.27779394644935973
source_predicate,vlsat_full_validation,relative_horizontal,left,C1_source_x_shuffled_Ce,100,484,484,1713,1643,0.9591360186806772,12876,26.60330578512397,12876,4459,0.3463031997514756
source_predicate,vlsat_full_validation,relative_horizontal,left,C2_source_x_wrong_T_Ce,5,484,484,1713,404,0.23584354932866317,727,1.5020661157024793,727,301,0.4140302613480055
source_predicate,vlsat_full_validation,relative_horizontal,left,C2_source_x_wrong_T_Ce,10,484,484,1713,725,0.4232340922358436,1459,3.0144628099173554,1459,554,0.37971213159698425
source_predicate,vlsat_full_validation,relative_horizontal,left,C2_source_x_wrong_T_Ce,20,484,484,1713,1105,0.645067133683596,2717,5.613636363636363,2717,983,0.3617960986382039
source_predicate,vlsat_full_validation,relative_horizontal,left,C2_source_x_wrong_T_Ce,50,484,484,1713,1526,0.8908347927612376,6381,13.183884297520661,6381,2489,0.3900642532518414
source_predicate,vlsat_full_validation,relative_horizontal,left,C2_source_x_wrong_T_Ce,100,484,484,1713,1664,0.971395213076474,12241,25.291322314049587,12241,5586,0.45633526672657465
source_predicate,vlsat_full_validation,relative_horizontal,right,S0_source_score,5,484,484,1713,729,0.425569176882662,1153,2.3822314049586777,1153,268,0.23243712055507373
source_predicate,vlsat_full_validation,relative_horizontal,right,S0_source_score,10,484,484,1713,1088,0.6351430239346176,2015,4.163223140495868,2015,459,0.22779156327543423
source_predicate,vlsat_full_validation,relative_horizontal,right,S0_source_score,20,484,484,1713,1375,0.8026853473438412,3329,6.878099173553719,3329,791,0.23760889155902673
source_predicate,vlsat_full_validation,relative_horizontal,right,S0_source_score,50,484,484,1713,1611,0.9404553415061296,6999,14.460743801652892,6999,1883,0.26903843406200884
source_predicate,vlsat_full_validation,relative_horizontal,right,S0_source_score,100,484,484,1713,1685,0.9836544074722708,13099,27.06404958677686,13099,4453,0.3399496144743874
source_predicate,vlsat_full_validation,relative_horizontal,right,S2_source_x_Ce,5,484,484,1713,547,0.31932282545242263,928,1.9173553719008265,928,84,0.09051724137931035
source_predicate,vlsat_full_validation,relative_horizontal,right,S2_source_x_Ce,10,484,484,1713,932,0.5440747227086982,1809,3.737603305785124,1809,228,0.12603648424543948
source_predicate,vlsat_full_validation,relative_horizontal,right,S2_source_x_Ce,20,484,484,1713,1283,0.7489784004670169,3189,6.588842975206612,3189,470,0.1473816243336469
source_predicate,vlsat_full_validation,relative_horizontal,right,S2_source_x_Ce,50,484,484,1713,1585,0.9252772913018097,6966,14.392561983471074,6966,1342,0.1926500143554407
source_predicate,vlsat_full_validation,relative_horizontal,right,S2_source_x_Ce,100,484,484,1713,1682,0.981903093987157,13039,26.9400826446281,13039,3369,0.2583787100237748
source_predicate,vlsat_full_validation,relative_horizontal,right,A1_source_x_G_only,5,484,484,1713,840,0.4903677758318739,1312,2.7107438016528924,1312,219,0.16692073170731708
source_predicate,vlsat_full_validation,relative_horizontal,right,A1_source_x_G_only,10,484,484,1713,1167,0.681260945709282,2138,4.417355371900826,2138,424,0.19831618334892423
source_predicate,vlsat_full_validation,relative_horizontal,right,A1_source_x_G_only,20,484,484,1713,1395,0.8143607705779334,3388,7.0,3388,744,0.21959858323494688
source_predicate,vlsat_full_validation,relative_horizontal,right,A1_source_x_G_only,50,484,484,1713,1613,0.9416228838295388,7043,14.551652892561984,7043,1815,0.25770268351554737
source_predicate,vlsat_full_validation,relative_horizontal,right,A1_source_x_G_only,100,484,484,1713,1685,0.9836544074722708,13109,27.084710743801654,13109,4256,0.3246624456480281
source_predicate,vlsat_full_validation,relative_horizontal,right,A2_source_x_TG_concat,5,484,484,1713,516,0.30122591943957966,864,1.7851239669421488,864,212,0.24537037037037038
source_predicate,vlsat_full_validation,relative_horizontal,right,A2_source_x_TG_concat,10,484,484,1713,955,0.5575014594279043,1822,3.7644628099173554,1822,426,0.23380900109769484
source_predicate,vlsat_full_validation,relative_horizontal,right,A2_source_x_TG_concat,20,484,484,1713,1327,0.7746643315820199,3214,6.640495867768595,3214,757,0.2355320472930927
source_predicate,vlsat_full_validation,relative_horizontal,right,A2_source_x_TG_concat,50,484,484,1713,1601,0.9346176298890835,6825,14.101239669421487,6825,1826,0.26754578754578756
source_predicate,vlsat_full_validation,relative_horizontal,right,A2_source_x_TG_concat,100,484,484,1713,1685,0.9836544074722708,12780,26.40495867768595,12780,4268,0.3339593114241002
source_predicate,vlsat_full_validation,relative_horizontal,right,C1_source_x_shuffled_Ce,5,484,484,1713,560,0.3269118505545826,1009,2.084710743801653,1009,234,0.2319127849355798
source_predicate,vlsat_full_validation,relative_horizontal,right,C1_source_x_shuffled_Ce,10,484,484,1713,818,0.47752481027437244,1762,3.6404958677685952,1762,430,0.24404086265607264
source_predicate,vlsat_full_validation,relative_horizontal,right,C1_source_x_shuffled_Ce,20,484,484,1713,1137,0.6637478108581436,3092,6.3884297520661155,3092,742,0.23997412677878396
source_predicate,vlsat_full_validation,relative_horizontal,right,C1_source_x_shuffled_Ce,50,484,484,1713,1469,0.8575598365440747,6885,14.225206611570249,6885,1914,0.27799564270152505
source_predicate,vlsat_full_validation,relative_horizontal,right,C1_source_x_shuffled_Ce,100,484,484,1713,1649,0.9626386456509048,13053,26.96900826446281,13053,4665,0.35738910595265455
source_predicate,vlsat_full_validation,relative_horizontal,right,C2_source_x_wrong_T_Ce,5,484,484,1713,625,0.36485697606538237,1101,2.274793388429752,1101,373,0.3387829246139873
source_predicate,vlsat_full_validation,relative_horizontal,right,C2_source_x_wrong_T_Ce,10,484,484,1713,897,0.5236427320490368,1815,3.75,1815,605,0.3333333333333333
source_predicate,vlsat_full_validation,relative_horizontal,right,C2_source_x_wrong_T_Ce,20,484,484,1713,1229,0.7174547577349679,3144,6.4958677685950414,3144,1064,0.3384223918575064
source_predicate,vlsat_full_validation,relative_horizontal,right,C2_source_x_wrong_T_Ce,50,484,484,1713,1570,0.9165207238762405,6877,14.208677685950413,6877,2580,0.37516358877417477
source_predicate,vlsat_full_validation,relative_horizontal,right,C2_source_x_wrong_T_Ce,100,484,484,1713,1670,0.9748978400467017,13328,27.537190082644628,13328,6279,0.47111344537815125
source_predicate,vlsat_full_validation,relative_horizontal,front,S0_source_score,5,386,386,1024,79,0.0771484375,214,0.5544041450777202,214,148,0.6915887850467289
source_predicate,vlsat_full_validation,relative_horizontal,front,S0_source_score,10,386,386,1024,215,0.2099609375,705,1.8264248704663213,705,504,0.7148936170212766
source_predicate,vlsat_full_validation,relative_horizontal,front,S0_source_score,20,386,386,1024,515,0.5029296875,2053,5.318652849740933,2053,1468,0.7150511446663419
source_predicate,vlsat_full_validation,relative_horizontal,front,S0_source_score,50,386,386,1024,909,0.8876953125,6445,16.696891191709845,6445,4326,0.6712179984484096
source_predicate,vlsat_full_validation,relative_horizontal,front,S0_source_score,100,386,386,1024,997,0.9736328125,13965,36.17875647668394,13965,8307,0.59484425349087
source_predicate,vlsat_full_validation,relative_horizontal,front,S2_source_x_Ce,5,386,386,1024,115,0.1123046875,285,0.7383419689119171,285,239,0.8385964912280702
source_predicate,vlsat_full_validation,relative_horizontal,front,S2_source_x_Ce,10,386,386,1024,231,0.2255859375,791,2.0492227979274613,791,662,0.8369152970922883
source_predicate,vlsat_full_validation,relative_horizontal,front,S2_source_x_Ce,20,386,386,1024,507,0.4951171875,2091,5.417098445595855,2091,1728,0.8263988522238164
source_predicate,vlsat_full_validation,relative_horizontal,front,S2_source_x_Ce,50,386,386,1024,874,0.853515625,6360,16.476683937823836,6360,4926,0.7745283018867924
source_predicate,vlsat_full_validation,relative_horizontal,front,S2_source_x_Ce,100,386,386,1024,990,0.966796875,13657,35.380829015544045,13657,9564,0.7003002123453175
source_predicate,vlsat_full_validation,relative_horizontal,front,A1_source_x_G_only,5,386,386,1024,79,0.0771484375,218,0.5647668393782384,218,157,0.7201834862385321
source_predicate,vlsat_full_validation,relative_horizontal,front,A1_source_x_G_only,10,386,386,1024,220,0.21484375,723,1.8730569948186528,723,528,0.7302904564315352
source_predicate,vlsat_full_validation,relative_horizontal,front,A1_source_x_G_only,20,386,386,1024,511,0.4990234375,2066,5.352331606217617,2066,1489,0.7207163601161665
source_predicate,vlsat_full_validation,relative_horizontal,front,A1_source_x_G_only,50,386,386,1024,907,0.8857421875,6505,16.852331606217618,6505,4385,0.6740968485780169
source_predicate,vlsat_full_validation,relative_horizontal,front,A1_source_x_G_only,100,386,386,1024,998,0.974609375,13999,36.266839378238345,13999,8338,0.5956139724266019
source_predicate,vlsat_full_validation,relative_horizontal,front,A2_source_x_TG_concat,5,386,386,1024,68,0.06640625,197,0.5103626943005182,197,136,0.6903553299492385
source_predicate,vlsat_full_validation,relative_horizontal,front,A2_source_x_TG_concat,10,386,386,1024,207,0.2021484375,673,1.7435233160621761,673,476,0.7072808320950966
source_predicate,vlsat_full_validation,relative_horizontal,front,A2_source_x_TG_concat,20,386,386,1024,498,0.486328125,1975,5.116580310880829,1975,1408,0.7129113924050633
source_predicate,vlsat_full_validation,relative_horizontal,front,A2_source_x_TG_concat,50,386,386,1024,897,0.8759765625,6361,16.479274611398964,6361,4276,0.6722213488445213
source_predicate,vlsat_full_validation,relative_horizontal,front,A2_source_x_TG_concat,100,386,386,1024,997,0.9736328125,13757,35.63989637305699,13757,8179,0.5945336919386495
source_predicate,vlsat_full_validation,relative_horizontal,front,C1_source_x_shuffled_Ce,5,386,386,1024,117,0.1142578125,354,0.917098445595855,354,250,0.7062146892655368
source_predicate,vlsat_full_validation,relative_horizontal,front,C1_source_x_shuffled_Ce,10,386,386,1024,274,0.267578125,940,2.435233160621762,940,666,0.7085106382978723
source_predicate,vlsat_full_validation,relative_horizontal,front,C1_source_x_shuffled_Ce,20,386,386,1024,527,0.5146484375,2353,6.095854922279793,2353,1650,0.7012324691882703
source_predicate,vlsat_full_validation,relative_horizontal,front,C1_source_x_shuffled_Ce,50,386,386,1024,826,0.806640625,6617,17.142487046632123,6617,4312,0.6516548284721173
source_predicate,vlsat_full_validation,relative_horizontal,front,C1_source_x_shuffled_Ce,100,386,386,1024,963,0.9404296875,14136,36.62176165803109,14136,8217,0.5812818336162988
source_predicate,vlsat_full_validation,relative_horizontal,front,C2_source_x_wrong_T_Ce,5,386,386,1024,150,0.146484375,443,1.1476683937823835,443,225,0.5079006772009029
source_predicate,vlsat_full_validation,relative_horizontal,front,C2_source_x_wrong_T_Ce,10,386,386,1024,325,0.3173828125,1056,2.7357512953367875,1056,587,0.5558712121212122
source_predicate,vlsat_full_validation,relative_horizontal,front,C2_source_x_wrong_T_Ce,20,386,386,1024,587,0.5732421875,2467,6.391191709844559,2467,1366,0.5537089582488853
source_predicate,vlsat_full_validation,relative_horizontal,front,C2_source_x_wrong_T_Ce,50,386,386,1024,891,0.8701171875,6864,17.78238341968912,6864,3524,0.5134032634032634
source_predicate,vlsat_full_validation,relative_horizontal,front,C2_source_x_wrong_T_Ce,100,386,386,1024,986,0.962890625,14258,36.93782383419689,14258,6539,0.4586197222611867
source_predicate,vlsat_full_validation,relative_horizontal,behind,S0_source_score,5,386,386,1024,72,0.0703125,229,0.5932642487046632,229,155,0.6768558951965066
source_predicate,vlsat_full_validation,relative_horizontal,behind,S0_source_score,10,386,386,1024,226,0.220703125,785,2.033678756476684,785,557,0.7095541401273885
source_predicate,vlsat_full_validation,relative_horizontal,behind,S0_source_score,20,386,386,1024,558,0.544921875,2317,6.0025906735751295,2317,1619,0.6987483815278377
source_predicate,vlsat_full_validation,relative_horizontal,behind,S0_source_score,50,386,386,1024,914,0.892578125,6981,18.085492227979273,6981,4537,0.6499068901303539
source_predicate,vlsat_full_validation,relative_horizontal,behind,S0_source_score,100,386,386,1024,1004,0.98046875,14579,37.76943005181347,14579,8607,0.5903697098566432
source_predicate,vlsat_full_validation,relative_horizontal,behind,S2_source_x_Ce,5,386,386,1024,117,0.1142578125,337,0.8730569948186528,337,273,0.8100890207715133
source_predicate,vlsat_full_validation,relative_horizontal,behind,S2_source_x_Ce,10,386,386,1024,261,0.2548828125,911,2.360103626943005,911,747,0.8199780461031834
source_predicate,vlsat_full_validation,relative_horizontal,behind,S2_source_x_Ce,20,386,386,1024,539,0.5263671875,2339,6.0595854922279795,2339,1892,0.8088926891834117
source_predicate,vlsat_full_validation,relative_horizontal,behind,S2_source_x_Ce,50,386,386,1024,887,0.8662109375,6874,17.808290155440414,6874,5214,0.7585103287750946
source_predicate,vlsat_full_validation,relative_horizontal,behind,S2_source_x_Ce,100,386,386,1024,991,0.9677734375,14437,37.40155440414508,14437,9953,0.6894091570270832
source_predicate,vlsat_full_validation,relative_horizontal,behind,A1_source_x_G_only,5,386,386,1024,82,0.080078125,255,0.6606217616580311,255,170,0.6666666666666666
source_predicate,vlsat_full_validation,relative_horizontal,behind,A1_source_x_G_only,10,386,386,1024,244,0.23828125,807,2.0906735751295336,807,568,0.7038413878562577
source_predicate,vlsat_full_validation,relative_horizontal,behind,A1_source_x_G_only,20,386,386,1024,556,0.54296875,2314,5.994818652849741,2314,1600,0.6914433880726015
source_predicate,vlsat_full_validation,relative_horizontal,behind,A1_source_x_G_only,50,386,386,1024,912,0.890625,6931,17.9559585492228,6931,4495,0.6485355648535565
source_predicate,vlsat_full_validation,relative_horizontal,behind,A1_source_x_G_only,100,386,386,1024,1004,0.98046875,14553,37.7020725388601,14553,8572,0.5890194461623033
source_predicate,vlsat_full_validation,relative_horizontal,behind,A2_source_x_TG_concat,5,386,386,1024,86,0.083984375,265,0.6865284974093264,265,185,0.6981132075471698
source_predicate,vlsat_full_validation,relative_horizontal,behind,A2_source_x_TG_concat,10,386,386,1024,247,0.2412109375,853,2.209844559585492,853,611,0.716295427901524
source_predicate,vlsat_full_validation,relative_horizontal,behind,A2_source_x_TG_concat,20,386,386,1024,567,0.5537109375,2397,6.209844559585492,2397,1667,0.6954526491447642
source_predicate,vlsat_full_validation,relative_horizontal,behind,A2_source_x_TG_concat,50,386,386,1024,918,0.896484375,7062,18.295336787564768,7062,4602,0.6516567544604928
source_predicate,vlsat_full_validation,relative_horizontal,behind,A2_source_x_TG_concat,100,386,386,1024,1004,0.98046875,14655,37.96632124352332,14655,8659,0.5908563630160355
source_predicate,vlsat_full_validation,relative_horizontal,behind,C1_source_x_shuffled_Ce,5,386,386,1024,120,0.1171875,377,0.9766839378238342,377,282,0.7480106100795756
source_predicate,vlsat_full_validation,relative_horizontal,behind,C1_source_x_shuffled_Ce,10,386,386,1024,273,0.2666015625,1035,2.6813471502590676,1035,743,0.7178743961352657
source_predicate,vlsat_full_validation,relative_horizontal,behind,C1_source_x_shuffled_Ce,20,386,386,1024,500,0.48828125,2485,6.437823834196891,2485,1701,0.6845070422535211
source_predicate,vlsat_full_validation,relative_horizontal,behind,C1_source_x_shuffled_Ce,50,386,386,1024,813,0.7939453125,7026,18.202072538860104,7026,4452,0.6336464560204953
source_predicate,vlsat_full_validation,relative_horizontal,behind,C1_source_x_shuffled_Ce,100,386,386,1024,970,0.947265625,14435,37.39637305699482,14435,8313,0.5758919293384136
source_predicate,vlsat_full_validation,relative_horizontal,behind,C2_source_x_wrong_T_Ce,5,386,386,1024,147,0.1435546875,469,1.2150259067357514,469,223,0.47547974413646055
source_predicate,vlsat_full_validation,relative_horizontal,behind,C2_source_x_wrong_T_Ce,10,386,386,1024,314,0.306640625,1150,2.9792746113989637,1150,599,0.5208695652173913
source_predicate,vlsat_full_validation,relative_horizontal,behind,C2_source_x_wrong_T_Ce,20,386,386,1024,580,0.56640625,2632,6.818652849740933,2632,1417,0.5383738601823708
source_predicate,vlsat_full_validation,relative_horizontal,behind,C2_source_x_wrong_T_Ce,50,386,386,1024,888,0.8671875,7278,18.854922279792746,7278,3603,0.49505358615004125
source_predicate,vlsat_full_validation,relative_horizontal,behind,C2_source_x_wrong_T_Ce,100,386,386,1024,992,0.96875,14673,38.012953367875646,14673,6666,0.4543038233490084
